ISO-10303-21;
HEADER;
FILE_DESCRIPTION (( 'STEP AP214' ),
    '1' );
FILE_NAME ('BIVAR__INC_SM1206UWC-IL.step',
    '2024-11-21T14:27:01',
    ( '' ),
    ( '' ),
    'SwSTEP 2.0',
    'SolidWorks 2024',
    '' );
FILE_SCHEMA (( 'AUTOMOTIVE_DESIGN' ));
ENDSEC;

DATA;
#1 = DIRECTION ( 'NONE',  ( 0.000000000000000000, -1.982450489093990104E-15, -1.000000000000000000 ) ) ;
#2 = VERTEX_POINT ( 'NONE', #938 ) ;
#3 = PLANE ( 'NONE',  #302 ) ;
#4 = DIRECTION ( 'NONE',  ( -1.000000000000000000, -0.000000000000000000, -0.000000000000000000 ) ) ;
#5 =( LENGTH_UNIT ( ) NAMED_UNIT ( * ) SI_UNIT ( $, .METRE. ) );
#6 = DIRECTION ( 'NONE',  ( -1.000000000000000000, 0.000000000000000000, -0.000000000000000000 ) ) ;
#7 = EDGE_LOOP ( 'NONE', ( #1142, #960, #666, #313, #327, #858, #1262, #1212 ) ) ;
#8 = DIRECTION ( 'NONE',  ( 0.000000000000000000, 0.000000000000000000, 1.000000000000000000 ) ) ;
#9 = LINE ( 'NONE', #847, #644 ) ;
#10 = ORIENTED_EDGE ( 'NONE', *, *, #304, .T. ) ;
#11 = PLANE ( 'NONE',  #99 ) ;
#12 = AXIS2_PLACEMENT_3D ( 'NONE', #68, #486, #289 ) ;
#13 = CARTESIAN_POINT ( 'NONE',  ( -0.03520472440944882875, -0.03997400000000000259, 0.03029462100000000768 ) ) ;
#14 = EDGE_LOOP ( 'NONE', ( #1260, #1197, #1187, #41, #944, #555 ) ) ;
#15 = DIRECTION ( 'NONE',  ( 0.000000000000000000, 0.000000000000000000, 1.000000000000000000 ) ) ;
#16 = VECTOR ( 'NONE', #581, 39.37007874015748143 ) ;
#17 = ORIENTED_EDGE ( 'NONE', *, *, #199, .T. ) ;
#18 = VECTOR ( 'NONE', #132, 39.37007874015748143 ) ;
#19 = SURFACE_SIDE_STYLE ('',( #1046 ) ) ;
#20 = EDGE_CURVE ( 'NONE', #1279, #324, #9, .T. ) ;
#21 = ORIENTED_EDGE ( 'NONE', *, *, #1340, .F. ) ;
#22 = CARTESIAN_POINT ( 'NONE',  ( 0.02078740157480315695, -0.03937007874015746589, -0.02953149606299214358 ) ) ;
#23 = CARTESIAN_POINT ( 'NONE',  ( -0.03433070866141730432, 0.03834042632973945486, -0.03034042622746955381 ) ) ;
#24 = EDGE_LOOP ( 'NONE', ( #682, #329, #781, #1154 ) ) ;
#25 =( NAMED_UNIT ( * ) PLANE_ANGLE_UNIT ( ) SI_UNIT ( $, .RADIAN. ) );
#26 = EDGE_LOOP ( 'NONE', ( #125, #981, #1241, #1004, #455, #525 ) ) ;
#27 = DIRECTION ( 'NONE',  ( -0.000000000000000000, -1.000000000000000000, -1.083840892188107781E-15 ) ) ;
#28 = UNCERTAINTY_MEASURE_WITH_UNIT (LENGTH_MEASURE( 1.000000000000000082E-05 ), #238, 'distance_accuracy_value', 'NONE');
#29 = VECTOR ( 'NONE', #517, 39.37007874015748143 ) ;
#30 = DIRECTION ( 'NONE',  ( 1.000000000000000000, 0.000000000000000000, -0.000000000000000000 ) ) ;
#31 = EDGE_LOOP ( 'NONE', ( #572, #239, #1148, #976 ) ) ;
#32 = ORIENTED_EDGE ( 'NONE', *, *, #200, .T. ) ;
#33 = ORIENTED_EDGE ( 'NONE', *, *, #443, .T. ) ;
#34 = VECTOR ( 'NONE', #1119, 39.37007874015748143 ) ;
#35 = DIRECTION ( 'NONE',  ( 1.000000000000000000, 0.000000000000000000, 0.000000000000000000 ) ) ;
#36 = AXIS2_PLACEMENT_3D ( 'NONE', #802, #1113, #1001 ) ;
#37 =( NAMED_UNIT ( * ) SI_UNIT ( $, .STERADIAN. ) SOLID_ANGLE_UNIT ( ) );
#38 = CARTESIAN_POINT ( 'NONE',  ( 0.000000000000000000, -0.05500000000000002109, -0.004686292000000001623 ) ) ;
#39 = ORIENTED_EDGE ( 'NONE', *, *, #169, .F. ) ;
#40 =( NAMED_UNIT ( * ) PLANE_ANGLE_UNIT ( ) SI_UNIT ( $, .RADIAN. ) );
#41 = ORIENTED_EDGE ( 'NONE', *, *, #154, .T. ) ;
#42 = ORIENTED_EDGE ( 'NONE', *, *, #1003, .T. ) ;
#43 = SURFACE_STYLE_USAGE ( .BOTH. , #582 ) ;
#44 = CARTESIAN_POINT ( 'NONE',  ( 0.000000000000000000, -0.05831370900000001217, -0.008000000000000003636 ) ) ;
#45 = VERTEX_POINT ( 'NONE', #746 ) ;
#46 = VERTEX_POINT ( 'NONE', #836 ) ;
#47 = DIMENSIONAL_EXPONENTS ( 1.000000000000000000, 0.000000000000000000, 0.000000000000000000, 0.000000000000000000, 0.000000000000000000, 0.000000000000000000, 0.000000000000000000 ) ;
#48 = LINE ( 'NONE', #1280, #106 ) ;
#49 = LINE ( 'NONE', #646, #73 ) ;
#50 = ADVANCED_FACE ( 'NONE', ( #1249 ), #405, .F. ) ;
#51 = EDGE_CURVE ( 'NONE', #559, #1102, #505, .T. ) ;
#52 = DIRECTION ( 'NONE',  ( 0.9986295348225961988, -0.05233595494500158096, 0.000000000000000000 ) ) ;
#53 = ORIENTED_EDGE ( 'NONE', *, *, #961, .F. ) ;
#54 = DIRECTION ( 'NONE',  ( 0.000000000000000000, 1.000000000000000000, -8.672461051743797269E-16 ) ) ;
#55 = VECTOR ( 'NONE', #1027, 39.37007874015748143 ) ;
#56 =( CONVERSION_BASED_UNIT ( 'INCH', #472 ) LENGTH_UNIT ( ) NAMED_UNIT ( #400 ) );
#57 = CARTESIAN_POINT ( 'NONE',  ( 0.000000000000000000, 0.06300000000000002820, -0.008000000000000001901 ) ) ;
#58 = VERTEX_POINT ( 'NONE', #577 ) ;
#59 = SURFACE_STYLE_FILL_AREA ( #575 ) ;
#60 = FACE_OUTER_BOUND ( 'NONE', #385, .T. ) ;
#61 =( GEOMETRIC_REPRESENTATION_CONTEXT ( 3 ) GLOBAL_UNCERTAINTY_ASSIGNED_CONTEXT ( ( #130 ) ) GLOBAL_UNIT_ASSIGNED_CONTEXT ( ( #1114, #1324, #410 ) ) REPRESENTATION_CONTEXT ( 'NONE', 'WORKASPACE' ) );
#62 =( BOUNDED_SURFACE ( )  B_SPLINE_SURFACE ( 1, 3, ( 
 ( #816, #963, #449, #717 ),
 ( #865, #207, #1030, #416 ) ),
 .UNSPECIFIED., .F., .F., .F. ) 
 B_SPLINE_SURFACE_WITH_KNOTS ( ( 2, 2 ),
 ( 4, 4 ),
 ( 0.000000000000000000, 1.000000000000000000 ),
 ( 0.000000000000000000, 1.000000000000000000 ),
 .UNSPECIFIED. ) 
 GEOMETRIC_REPRESENTATION_ITEM ( )  RATIONAL_B_SPLINE_SURFACE ( (
 ( 1.000000000000000000, 0.3333333334700690487, 0.3333333334700690487, 1.000000000000000000),
 ( 1.000000000000000000, 0.3333333334700690487, 0.3333333334700690487, 1.000000000000000000) ) ) 
 REPRESENTATION_ITEM ( '' )  SURFACE ( )  );
#63 = EDGE_CURVE ( 'NONE', #1257, #737, #479, .T. ) ;
#64 = COLOUR_RGB ( '',0.6470588235294117974, 0.5176470588235293491, 0.000000000000000000 ) ;
#65 = CARTESIAN_POINT ( 'NONE',  ( -0.03433070866141731126, -0.03834042632973945486, -0.03034042622739317394 ) ) ;
#66 = VECTOR ( 'NONE', #1138, 39.37007874015748143 ) ;
#67 = APPLICATION_PROTOCOL_DEFINITION ( 'draft international standard', 'automotive_design', 1998, #1179 ) ;
#68 = CARTESIAN_POINT ( 'NONE',  ( 0.02000000000000000389, -0.06300000000000002820, 0.03150000000000001410 ) ) ;
#69 = CARTESIAN_POINT ( 'NONE',  ( 0.02078740157480315695, 0.03937007874015747977, 0.02953149606299212970 ) ) ;
#70 = FILL_AREA_STYLE ('',( #503 ) ) ;
#71 = DIRECTION ( 'NONE',  ( 0.000000000000000000, 1.000000000000000000, -7.225605947920712954E-16 ) ) ;
#72 = EDGE_CURVE ( 'NONE', #257, #359, #896, .T. ) ;
#73 = VECTOR ( 'NONE', #1070, 39.37007874015748143 ) ;
#74 = SURFACE_STYLE_USAGE ( .BOTH. , #398 ) ;
#75 = DIRECTION ( 'NONE',  ( 0.000000000000000000, -0.000000000000000000, 1.000000000000000000 ) ) ;
#76 = PLANE ( 'NONE',  #599 ) ;
#77 = DIMENSIONAL_EXPONENTS ( 1.000000000000000000, 0.000000000000000000, 0.000000000000000000, 0.000000000000000000, 0.000000000000000000, 0.000000000000000000, 0.000000000000000000 ) ;
#78 = DIRECTION ( 'NONE',  ( 0.000000000000000000, 1.000000000000000000, -7.225605947920712954E-16 ) ) ;
#79 = PRESENTATION_STYLE_ASSIGNMENT (( #506 ) ) ;
#80 = PLANE ( 'NONE',  #12 ) ;
#81 = EDGE_CURVE ( 'NONE', #346, #324, #1309, .T. ) ;
#82 = DIRECTION ( 'NONE',  ( -1.000000000000000000, -0.000000000000000000, -0.000000000000000000 ) ) ;
#83 = LINE ( 'NONE', #287, #689 ) ;
#84 = DIRECTION ( 'NONE',  ( -1.000000000000000000, -0.000000000000000000, -0.000000000000000000 ) ) ;
#85 = PRESENTATION_STYLE_ASSIGNMENT (( #202 ) ) ;
#86 = VECTOR ( 'NONE', #322, 39.37007874015748854 ) ;
#87 = PRESENTATION_LAYER_ASSIGNMENT (  '', '', ( #1192 ) ) ;
#88 = SURFACE_STYLE_FILL_AREA ( #590 ) ;
#89 = CARTESIAN_POINT ( 'NONE',  ( 0.000000000000000000, 0.06300000000000001432, -0.008000000000250005044 ) ) ;
#90 = CARTESIAN_POINT ( 'NONE',  ( -0.03236173240944882623, -0.03844361600000001378, -0.03150000000000001410 ) ) ;
#91 =( GEOMETRIC_REPRESENTATION_CONTEXT ( 3 ) GLOBAL_UNCERTAINTY_ASSIGNED_CONTEXT ( ( #785 ) ) GLOBAL_UNIT_ASSIGNED_CONTEXT ( ( #1308, #1007, #697 ) ) REPRESENTATION_CONTEXT ( 'NONE', 'WORKASPACE' ) );
#92 = VECTOR ( 'NONE', #27, 39.37007874015748143 ) ;
#93 = PLANE ( 'NONE',  #126 ) ;
#94 = CARTESIAN_POINT ( 'NONE',  ( 0.02078740157480315695, -0.03937007874015747977, 0.02953149606299215052 ) ) ;
#95 = EDGE_CURVE ( 'NONE', #756, #559, #49, .T. ) ;
#96 = DIRECTION ( 'NONE',  ( -0.000000000000000000, 0.000000000000000000, 1.000000000000000000 ) ) ;
#97 = EDGE_CURVE ( 'NONE', #210, #468, #344, .T. ) ;
#98 =( NAMED_UNIT ( * ) SI_UNIT ( $, .STERADIAN. ) SOLID_ANGLE_UNIT ( ) );
#99 = AXIS2_PLACEMENT_3D ( 'NONE', #729, #311, #411 ) ;
#100 = FILL_AREA_STYLE_COLOUR ( '', #1271 ) ;
#101 = LINE ( 'NONE', #325, #857 ) ;
#102 =( NAMED_UNIT ( * ) SI_UNIT ( $, .STERADIAN. ) SOLID_ANGLE_UNIT ( ) );
#103 = EDGE_CURVE ( 'NONE', #1048, #227, #1062, .T. ) ;
#104 = MECHANICAL_DESIGN_GEOMETRIC_PRESENTATION_REPRESENTATION (  '', ( #256 ), #447 ) ;
#105 = ORIENTED_EDGE ( 'NONE', *, *, #811, .T. ) ;
#106 = VECTOR ( 'NONE', #774, 39.37007874015748143 ) ;
#107 = FILL_AREA_STYLE ('',( #1335 ) ) ;
#108 = MECHANICAL_DESIGN_GEOMETRIC_PRESENTATION_REPRESENTATION (  '', ( #1112 ), #193 ) ;
#109 = CARTESIAN_POINT ( 'NONE',  ( 0.02078740157480315695, -0.06300000000000001432, -0.02953149606299212623 ) ) ;
#110 = DIRECTION ( 'NONE',  ( -1.000000000000000000, -0.000000000000000000, -0.000000000000000000 ) ) ;
#111 = CARTESIAN_POINT ( 'NONE',  ( 0.02000000000000000389, 0.06300000000000002820, -0.03150000000000001410 ) ) ;
#112 = EDGE_LOOP ( 'NONE', ( #655, #1307, #867, #1077 ) ) ;
#113 = LINE ( 'NONE', #225, #1019 ) ;
#114 = EDGE_CURVE ( 'NONE', #257, #1068, #1235, .T. ) ;
#115 = EDGE_LOOP ( 'NONE', ( #1054, #354, #787, #853 ) ) ;
#116 = DIRECTION ( 'NONE',  ( 1.000000000000000000, 0.000000000000000000, -0.000000000000000000 ) ) ;
#117 = CARTESIAN_POINT ( 'NONE',  ( -0.03236173233977649583, -0.03844361600365138465, -0.03044361591041521917 ) ) ;
#118 = DIRECTION ( 'NONE',  ( -1.000000000000000000, 0.000000000000000000, -0.000000000000000000 ) ) ;
#119 = ORIENTED_EDGE ( 'NONE', *, *, #701, .T. ) ;
#120 = CARTESIAN_POINT ( 'NONE',  ( 0.02000000000000000389, -0.06300000000000002820, 0.03150000000000001410 ) ) ;
#121 = EDGE_CURVE ( 'NONE', #965, #359, #1239, .T. ) ;
#122 = ORIENTED_EDGE ( 'NONE', *, *, #191, .T. ) ;
#123 = CARTESIAN_POINT ( 'NONE',  ( 0.02000000000000000389, 0.06299999999999998657, -0.02953149606299216093 ) ) ;
#124 = CARTESIAN_POINT ( 'NONE',  ( 0.000000000000000000, 0.06300000000000001432, -0.008000000000250005044 ) ) ;
#125 = ORIENTED_EDGE ( 'NONE', *, *, #282, .F. ) ;
#126 = AXIS2_PLACEMENT_3D ( 'NONE', #391, #1136, #609 ) ;
#127 = AXIS2_PLACEMENT_3D ( 'NONE', #907, #82, #904 ) ;
#128 =( GEOMETRIC_REPRESENTATION_CONTEXT ( 3 ) GLOBAL_UNCERTAINTY_ASSIGNED_CONTEXT ( ( #968 ) ) GLOBAL_UNIT_ASSIGNED_CONTEXT ( ( #901, #990, #1196 ) ) REPRESENTATION_CONTEXT ( 'NONE', 'WORKASPACE' ) );
#129 =( LENGTH_UNIT ( ) NAMED_UNIT ( * ) SI_UNIT ( $, .METRE. ) );
#130 = UNCERTAINTY_MEASURE_WITH_UNIT (LENGTH_MEASURE( 1.000000000000000082E-05 ), #1114, 'distance_accuracy_value', 'NONE');
#131 = ORIENTED_EDGE ( 'NONE', *, *, #310, .F. ) ;
#132 = DIRECTION ( 'NONE',  ( -0.000000000000000000, 1.000000000000000000, -0.000000000000000000 ) ) ;
#133 = FILL_AREA_STYLE ('',( #959 ) ) ;
#134 = VERTEX_POINT ( 'NONE', #606 ) ;
#135 = EDGE_CURVE ( 'NONE', #1274, #638, #347, .T. ) ;
#136 = LINE ( 'NONE', #117, #1266 ) ;
#137 = VERTEX_POINT ( 'NONE', #642 ) ;
#138 = DIRECTION ( 'NONE',  ( 0.000000000000000000, 0.000000000000000000, -1.000000000000000000 ) ) ;
#139 = LINE ( 'NONE', #1216, #918 ) ;
#140 = CARTESIAN_POINT ( 'NONE',  ( 0.02000000000000000389, -0.06300000000000002820, 0.03150000000000001410 ) ) ;
#141 = DIRECTION ( 'NONE',  ( 1.000000000000000000, 0.000000000000000000, 0.000000000000000000 ) ) ;
#142 = CARTESIAN_POINT ( 'NONE',  ( 0.02000000000000000389, -0.06300000000000002820, 0.008000000000000001901 ) ) ;
#143 = ORIENTED_EDGE ( 'NONE', *, *, #95, .T. ) ;
#144 = DIMENSIONAL_EXPONENTS ( 1.000000000000000000, 0.000000000000000000, 0.000000000000000000, 0.000000000000000000, 0.000000000000000000, 0.000000000000000000, 0.000000000000000000 ) ;
#145 = CARTESIAN_POINT ( 'NONE',  ( 0.000000000000000000, -0.05831370900000001217, -0.008000000000000001901 ) ) ;
#146 = CARTESIAN_POINT ( 'NONE',  ( -0.08000000000000000167, -0.04703078257806756618, 0.03150000000000001410 ) ) ;
#147 = VECTOR ( 'NONE', #827, 39.37007874015748143 ) ;
#148 = ORIENTED_EDGE ( 'NONE', *, *, #1261, .T. ) ;
#149 = FACE_OUTER_BOUND ( 'NONE', #766, .T. ) ;
#150 = COLOUR_RGB ( '',0.6470588235294117974, 0.5176470588235293491, 0.000000000000000000 ) ;
#151 = ORIENTED_EDGE ( 'NONE', *, *, #81, .T. ) ;
#152 = CARTESIAN_POINT ( 'NONE',  ( 0.000000000000000000, 0.000000000000000000, 0.000000000000000000 ) ) ;
#153 = DIRECTION ( 'NONE',  ( 0.000000000000000000, -3.964900978187985532E-16, -1.000000000000000000 ) ) ;
#154 = EDGE_CURVE ( 'NONE', #966, #676, #139, .T. ) ;
#155 = CARTESIAN_POINT ( 'NONE',  ( 0.02078740157480315695, 0.06300000000000001432, 0.02953149606299209154 ) ) ;
#156 = DIRECTION ( 'NONE',  ( 0.000000000000000000, 1.000000000000000000, 0.000000000000000000 ) ) ;
#157 = CARTESIAN_POINT ( 'NONE',  ( 0.02078740157480315695, 0.03937007874015743120, -0.02953149606299216093 ) ) ;
#158 = DIMENSIONAL_EXPONENTS ( 1.000000000000000000, 0.000000000000000000, 0.000000000000000000, 0.000000000000000000, 0.000000000000000000, 0.000000000000000000, 0.000000000000000000 ) ;
#159 = CLOSED_SHELL ( 'NONE', ( #460, #1147, #483, #1023, #1176, #683, #796, #402 ) ) ;
#160 = CARTESIAN_POINT ( 'NONE',  ( 0.02000000000000000389, -0.03937007874015746589, -0.02953149606299214358 ) ) ;
#161 = UNCERTAINTY_MEASURE_WITH_UNIT (LENGTH_MEASURE( 1.000000000000000082E-05 ), #215, 'distance_accuracy_value', 'NONE');
#162 = EDGE_LOOP ( 'NONE', ( #461, #520, #726, #247 ) ) ;
#163 = SURFACE_STYLE_FILL_AREA ( #263 ) ;
#164 = EDGE_LOOP ( 'NONE', ( #1071, #439, #527, #1084 ) ) ;
#165 = LINE ( 'NONE', #174, #1141 ) ;
#166 = ORIENTED_EDGE ( 'NONE', *, *, #521, .T. ) ;
#167 = EDGE_LOOP ( 'NONE', ( #652, #143, #240, #574 ) ) ;
#168 = FILL_AREA_STYLE_COLOUR ( '', #758 ) ;
#169 = EDGE_CURVE ( 'NONE', #444, #210, #1047, .T. ) ;
#170 = CARTESIAN_POINT ( 'NONE',  ( 0.02078740157480315695, -0.06300000000000001432, -0.02953149606299212623 ) ) ;
#171 = COLOUR_RGB ( '',0.6470588235294117974, 0.5176470588235293491, 0.000000000000000000 ) ;
#172 = ORIENTED_EDGE ( 'NONE', *, *, #1224, .F. ) ;
#173 =( NAMED_UNIT ( * ) PLANE_ANGLE_UNIT ( ) SI_UNIT ( $, .RADIAN. ) );
#174 = CARTESIAN_POINT ( 'NONE',  ( 0.02078740157480315695, 0.06300000000000002820, -0.008000000000000001901 ) ) ;
#175 = VERTEX_POINT ( 'NONE', #254 ) ;
#176 =( CONVERSION_BASED_UNIT ( 'INCH', #799 ) LENGTH_UNIT ( ) NAMED_UNIT ( #291 ) );
#177 = ORIENTED_EDGE ( 'NONE', *, *, #103, .F. ) ;
#178 = CARTESIAN_POINT ( 'NONE',  ( 0.02078740157480315695, -0.06300000000000001432, -0.008000000000250003310 ) ) ;
#179 =( CONVERSION_BASED_UNIT ( 'INCH', #488 ) LENGTH_UNIT ( ) NAMED_UNIT ( #783 ) );
#180 = VECTOR ( 'NONE', #692, 39.37007874015748143 ) ;
#181 = AXIS2_PLACEMENT_3D ( 'NONE', #381, #645, #1069 ) ;
#182 = STYLED_ITEM ( 'NONE', ( #1201 ), #1147 ) ;
#183 = CARTESIAN_POINT ( 'NONE',  ( 3.557093741750342732E-19, 0.06300000000000002820, 0.03150000000000001410 ) ) ;
#184 = UNCERTAINTY_MEASURE_WITH_UNIT (LENGTH_MEASURE( 1.000000000000000082E-05 ), #695, 'distance_accuracy_value', 'NONE');
#185 = DIRECTION ( 'NONE',  ( 0.000000000000000000, -1.000000000000000000, 0.000000000000000000 ) ) ;
#186 = FACE_OUTER_BOUND ( 'NONE', #1063, .T. ) ;
#187 = LINE ( 'NONE', #1322, #536 ) ;
#188 = FACE_OUTER_BOUND ( 'NONE', #955, .T. ) ;
#189 =( GEOMETRIC_REPRESENTATION_CONTEXT ( 3 ) GLOBAL_UNCERTAINTY_ASSIGNED_CONTEXT ( ( #861 ) ) GLOBAL_UNIT_ASSIGNED_CONTEXT ( ( #1294, #942, #371 ) ) REPRESENTATION_CONTEXT ( 'NONE', 'WORKASPACE' ) );
#190 = CARTESIAN_POINT ( 'NONE',  ( 0.02000000000000000389, -0.06300000000000001432, -0.008000000000250003310 ) ) ;
#191 = EDGE_CURVE ( 'NONE', #826, #46, #570, .T. ) ;
#192 = DIRECTION ( 'NONE',  ( 0.000000000000000000, -1.625761338282161869E-15, -1.000000000000000000 ) ) ;
#193 =( GEOMETRIC_REPRESENTATION_CONTEXT ( 3 ) GLOBAL_UNCERTAINTY_ASSIGNED_CONTEXT ( ( #1065 ) ) GLOBAL_UNIT_ASSIGNED_CONTEXT ( ( #288, #401, #611 ) ) REPRESENTATION_CONTEXT ( 'NONE', 'WORKASPACE' ) );
#194 = LINE ( 'NONE', #607, #1329 ) ;
#195 =( LENGTH_UNIT ( ) NAMED_UNIT ( * ) SI_UNIT ( $, .METRE. ) );
#196 = DIRECTION ( 'NONE',  ( 0.000000000000000000, 0.000000000000000000, 1.000000000000000000 ) ) ;
#197 = DIRECTION ( 'NONE',  ( 0.000000000000000000, -1.000000000000000000, 0.000000000000000000 ) ) ;
#198 = LENGTH_MEASURE_WITH_UNIT ( LENGTH_MEASURE( 0.02539999999999999897 ), #1131 );
#199 = EDGE_CURVE ( 'NONE', #444, #45, #165, .T. ) ;
#200 = EDGE_CURVE ( 'NONE', #564, #770, #1285, .T. ) ;
#201 = DIRECTION ( 'NONE',  ( 0.000000000000000000, 0.000000000000000000, -1.000000000000000000 ) ) ;
#202 = SURFACE_STYLE_USAGE ( .BOTH. , #712 ) ;
#203 = DIRECTION ( 'NONE',  ( 0.000000000000000000, 1.000000000000000000, 0.000000000000000000 ) ) ;
#204 =( GEOMETRIC_REPRESENTATION_CONTEXT ( 3 ) GLOBAL_UNCERTAINTY_ASSIGNED_CONTEXT ( ( #161 ) ) GLOBAL_UNIT_ASSIGNED_CONTEXT ( ( #215, #1038, #102 ) ) REPRESENTATION_CONTEXT ( 'NONE', 'WORKASPACE' ) );
#205 = EDGE_CURVE ( 'NONE', #134, #531, #769, .T. ) ;
#206 = PLANE ( 'NONE',  #1017 ) ;
#207 = CARTESIAN_POINT ( 'NONE',  ( 0.000000000000000000, 0.04700000000000001399, -0.008000000000000001901 ) ) ;
#208 = LINE ( 'NONE', #307, #345 ) ;
#209 = PRESENTATION_LAYER_ASSIGNMENT (  '', '', ( #1144 ) ) ;
#210 = VERTEX_POINT ( 'NONE', #573 ) ;
#211 = LINE ( 'NONE', #1247, #1248 ) ;
#212 =( GEOMETRIC_REPRESENTATION_CONTEXT ( 3 ) GLOBAL_UNCERTAINTY_ASSIGNED_CONTEXT ( ( #492 ) ) GLOBAL_UNIT_ASSIGNED_CONTEXT ( ( #1110, #306, #1152 ) ) REPRESENTATION_CONTEXT ( 'NONE', 'WORKASPACE' ) );
#213 = LINE ( 'NONE', #1051, #470 ) ;
#214 = DIRECTION ( 'NONE',  ( 0.000000000000000000, 1.000000000000000000, 0.000000000000000000 ) ) ;
#215 =( CONVERSION_BASED_UNIT ( 'INCH', #1146 ) LENGTH_UNIT ( ) NAMED_UNIT ( #47 ) );
#216 = STYLED_ITEM ( 'NONE', ( #1082 ), #677 ) ;
#217 = ORIENTED_EDGE ( 'NONE', *, *, #925, .F. ) ;
#218 = CIRCLE ( 'NONE', #127, 0.008000000000125004340 ) ;
#219 = CARTESIAN_POINT ( 'NONE',  ( 0.000000000000000000, 0.04013962248715442077, 0.03150000000000001410 ) ) ;
#220 =( CONVERSION_BASED_UNIT ( 'INCH', #1170 ) LENGTH_UNIT ( ) NAMED_UNIT ( #571 ) );
#221 = LINE ( 'NONE', #623, #1336 ) ;
#222 = CARTESIAN_POINT ( 'NONE',  ( 0.000000000000000000, -0.06300000000000002820, 0.008000000000250001575 ) ) ;
#223 = ORIENTED_EDGE ( 'NONE', *, *, #508, .T. ) ;
#224 = EDGE_CURVE ( 'NONE', #2, #531, #457, .T. ) ;
#225 = CARTESIAN_POINT ( 'NONE',  ( 0.000000000000000000, -0.06300000000000002820, -0.03150000000000001410 ) ) ;
#226 = DIRECTION ( 'NONE',  ( -0.000000000000000000, -1.000000000000000000, -1.083840892188107781E-15 ) ) ;
#227 = VERTEX_POINT ( 'NONE', #662 ) ;
#228 = LINE ( 'NONE', #140, #434 ) ;
#229 = ORIENTED_EDGE ( 'NONE', *, *, #63, .F. ) ;
#230 = PRESENTATION_STYLE_ASSIGNMENT (( #632 ) ) ;
#231 = ORIENTED_EDGE ( 'NONE', *, *, #592, .T. ) ;
#232 = VECTOR ( 'NONE', #71, 39.37007874015748143 ) ;
#233 = VECTOR ( 'NONE', #116, 39.37007874015748143 ) ;
#234 = PRESENTATION_LAYER_ASSIGNMENT (  '', '', ( #374 ) ) ;
#235 = ADVANCED_FACE ( 'NONE', ( #1076 ), #708, .T. ) ;
#236 = ORIENTED_EDGE ( 'NONE', *, *, #1161, .T. ) ;
#237 = CARTESIAN_POINT ( 'NONE',  ( 0.02078740157480315695, -0.06300000000000001432, 0.02953149606299212623 ) ) ;
#238 =( CONVERSION_BASED_UNIT ( 'INCH', #1172 ) LENGTH_UNIT ( ) NAMED_UNIT ( #77 ) );
#239 = ORIENTED_EDGE ( 'NONE', *, *, #721, .T. ) ;
#240 = ORIENTED_EDGE ( 'NONE', *, *, #51, .T. ) ;
#241 = ORIENTED_EDGE ( 'NONE', *, *, #1281, .F. ) ;
#242 = FACE_OUTER_BOUND ( 'NONE', #458, .T. ) ;
#243 = VERTEX_POINT ( 'NONE', #386 ) ;
#244 =( NAMED_UNIT ( * ) SI_UNIT ( $, .STERADIAN. ) SOLID_ANGLE_UNIT ( ) );
#245 = CARTESIAN_POINT ( 'NONE',  ( 0.02078740157480315695, -0.06300000000000002820, 0.008000000000000005371 ) ) ;
#246 = ORIENTED_EDGE ( 'NONE', *, *, #103, .T. ) ;
#247 = ORIENTED_EDGE ( 'NONE', *, *, #844, .T. ) ;
#248 = DIRECTION ( 'NONE',  ( -0.000000000000000000, 0.000000000000000000, 1.000000000000000000 ) ) ;
#249 = FILL_AREA_STYLE_COLOUR ( '', #1035 ) ;
#250 = ORIENTED_EDGE ( 'NONE', *, *, #1064, .F. ) ;
#251 = DIMENSIONAL_EXPONENTS ( 1.000000000000000000, 0.000000000000000000, 0.000000000000000000, 0.000000000000000000, 0.000000000000000000, 0.000000000000000000, 0.000000000000000000 ) ;
#252 = VECTOR ( 'NONE', #830, 39.37007874015748143 ) ;
#253 = FILL_AREA_STYLE_COLOUR ( '', #639 ) ;
#254 = CARTESIAN_POINT ( 'NONE',  ( -0.01220472440924467127, -0.03950000000002140688, 0.03149999999610470641 ) ) ;
#255 = ORIENTED_EDGE ( 'NONE', *, *, #743, .F. ) ;
#256 = STYLED_ITEM ( 'NONE', ( #1227 ), #725 ) ;
#257 = VERTEX_POINT ( 'NONE', #1291 ) ;
#258 = DIRECTION ( 'NONE',  ( 0.000000000000000000, 0.000000000000000000, -1.000000000000000000 ) ) ;
#259 = AXIS2_PLACEMENT_3D ( 'NONE', #435, #872, #15 ) ;
#260 = EDGE_LOOP ( 'NONE', ( #1292, #1268, #868, #1060, #1055, #265 ) ) ;
#261 = ORIENTED_EDGE ( 'NONE', *, *, #925, .T. ) ;
#262 = DIMENSIONAL_EXPONENTS ( 1.000000000000000000, 0.000000000000000000, 0.000000000000000000, 0.000000000000000000, 0.000000000000000000, 0.000000000000000000, 0.000000000000000000 ) ;
#263 = FILL_AREA_STYLE ('',( #988 ) ) ;
#264 = ADVANCED_FACE ( 'NONE', ( #266 ), #672, .F. ) ;
#265 = ORIENTED_EDGE ( 'NONE', *, *, #579, .F. ) ;
#266 = FACE_OUTER_BOUND ( 'NONE', #24, .T. ) ;
#267 = CARTESIAN_POINT ( 'NONE',  ( 0.02078740157480315695, -0.06300000000000001432, 0.02953149606299212623 ) ) ;
#268 = EDGE_LOOP ( 'NONE', ( #122, #931, #991, #10, #33, #231, #1183, #569 ) ) ;
#269 = PLANE ( 'NONE',  #406 ) ;
#270 =( CONVERSION_BASED_UNIT ( 'INCH', #557 ) LENGTH_UNIT ( ) NAMED_UNIT ( #560 ) );
#271 = AXIS2_PLACEMENT_3D ( 'NONE', #57, #185, #473 ) ;
#272 =( CONVERSION_BASED_UNIT ( 'INCH', #1091 ) LENGTH_UNIT ( ) NAMED_UNIT ( #158 ) );
#273 = PRODUCT_DEFINITION_CONTEXT ( 'detailed design', #317, 'design' ) ;
#274 =( NAMED_UNIT ( * ) SI_UNIT ( $, .STERADIAN. ) SOLID_ANGLE_UNIT ( ) );
#275 = FILL_AREA_STYLE ('',( #1203 ) ) ;
#276 = CARTESIAN_POINT ( 'NONE',  ( 0.02000000000000000389, 0.06299999999999998657, -0.02953149606299216093 ) ) ;
#277 = CARTESIAN_POINT ( 'NONE',  ( -0.01220472440944952129, -0.03949999999999993794, -0.03150000000001339229 ) ) ;
#278 = CARTESIAN_POINT ( 'NONE',  ( -0.03433070866251525244, 0.03834042632962436636, 0.03034042624826934625 ) ) ;
#279 = VECTOR ( 'NONE', #739, 39.37007874015748143 ) ;
#280 = FACE_OUTER_BOUND ( 'NONE', #1278, .T. ) ;
#281 = CARTESIAN_POINT ( 'NONE',  ( -0.01220472440924467473, 0.03950000000002140688, 0.03149999999610470641 ) ) ;
#282 = EDGE_CURVE ( 'NONE', #563, #681, #894, .T. ) ;
#283 = AXIS2_PLACEMENT_3D ( 'NONE', #877, #869, #1288 ) ;
#284 = DIRECTION ( 'NONE',  ( 0.000000000000000000, 0.000000000000000000, -1.000000000000000000 ) ) ;
#285 = FILL_AREA_STYLE_COLOUR ( '', #1034 ) ;
#286 = FILL_AREA_STYLE ('',( #379 ) ) ;
#287 = CARTESIAN_POINT ( 'NONE',  ( -0.01220472440944881699, -0.03997400000000000259, 0.03150000000000001410 ) ) ;
#288 =( CONVERSION_BASED_UNIT ( 'INCH', #1123 ) LENGTH_UNIT ( ) NAMED_UNIT ( #772 ) );
#289 = DIRECTION ( 'NONE',  ( 0.000000000000000000, 0.000000000000000000, -1.000000000000000000 ) ) ;
#290 = MANIFOLD_SOLID_BREP ( 'Split1[2]', #1202 ) ;
#291 = DIMENSIONAL_EXPONENTS ( 1.000000000000000000, 0.000000000000000000, 0.000000000000000000, 0.000000000000000000, 0.000000000000000000, 0.000000000000000000, 0.000000000000000000 ) ;
#292 = MANIFOLD_SOLID_BREP ( 'Boss-Extrude1[1]', #510 ) ;
#293 = CARTESIAN_POINT ( 'NONE',  ( 0.000000000000000000, 0.06300000000000002820, 0.03150000000000001410 ) ) ;
#294 = CARTESIAN_POINT ( 'NONE',  ( 0.02078740157480315695, 0.03937007874015743120, -0.02953149606299216093 ) ) ;
#295 = ADVANCED_FACE ( 'NONE', ( #296 ), #602, .F. ) ;
#296 = FACE_OUTER_BOUND ( 'NONE', #1190, .T. ) ;
#297 = LENGTH_MEASURE_WITH_UNIT ( LENGTH_MEASURE( 0.02539999999999999897 ), #814 );
#298 = VECTOR ( 'NONE', #226, 39.37007874015748143 ) ;
#299 =( CONVERSION_BASED_UNIT ( 'INCH', #404 ) LENGTH_UNIT ( ) NAMED_UNIT ( #1191 ) );
#300 = VECTOR ( 'NONE', #685, 39.37007874015748143 ) ;
#301 = CARTESIAN_POINT ( 'NONE',  ( 0.000000000000000000, 0.04700000000000001399, 0.008000000000000001901 ) ) ;
#302 = AXIS2_PLACEMENT_3D ( 'NONE', #945, #745, #1185 ) ;
#303 = AXIS2_PLACEMENT_3D ( 'NONE', #1306, #507, #807 ) ;
#304 = EDGE_CURVE ( 'NONE', #359, #973, #407, .T. ) ;
#305 =( NAMED_UNIT ( * ) PLANE_ANGLE_UNIT ( ) SI_UNIT ( $, .RADIAN. ) );
#306 =( NAMED_UNIT ( * ) PLANE_ANGLE_UNIT ( ) SI_UNIT ( $, .RADIAN. ) );
#307 = CARTESIAN_POINT ( 'NONE',  ( -0.01220472440944881873, -0.03997400000000000259, -0.03150000000000001410 ) ) ;
#308 = DIRECTION ( 'NONE',  ( -1.000000000000000000, -0.000000000000000000, -0.000000000000000000 ) ) ;
#309 = VECTOR ( 'NONE', #153, 39.37007874015748143 ) ;
#310 = EDGE_CURVE ( 'NONE', #845, #1257, #208, .T. ) ;
#311 = DIRECTION ( 'NONE',  ( 0.000000000000000000, -1.000000000000000000, -2.890820350581266085E-16 ) ) ;
#312 = CARTESIAN_POINT ( 'NONE',  ( 0.02078740157480315695, 0.06300000000000002820, -0.008000000000000001901 ) ) ;
#313 = ORIENTED_EDGE ( 'NONE', *, *, #114, .F. ) ;
#314 = LINE ( 'NONE', #932, #1326 ) ;
#315 = DIRECTION ( 'NONE',  ( 0.000000000000000000, 0.000000000000000000, -1.000000000000000000 ) ) ;
#316 = CARTESIAN_POINT ( 'NONE',  ( 0.02000000000000000389, 0.03937007874015747977, 0.02953149606299212970 ) ) ;
#317 = APPLICATION_CONTEXT ( 'automotive_design' ) ;
#318 = CARTESIAN_POINT ( 'NONE',  ( 0.000000000000000000, -0.05500000000000002109, -0.004686292000000002490 ) ) ;
#319 = EDGE_CURVE ( 'NONE', #681, #622, #929, .T. ) ;
#320 = ORIENTED_EDGE ( 'NONE', *, *, #630, .F. ) ;
#321 = PRESENTATION_LAYER_ASSIGNMENT (  '', '', ( #341 ) ) ;
#322 = DIRECTION ( 'NONE',  ( -0.9972646886461743465, 0.05226442638961108916, -0.05226442876004586818 ) ) ;
#323 = DIRECTION ( 'NONE',  ( -1.000000000000000000, -0.000000000000000000, 0.000000000000000000 ) ) ;
#324 = VERTEX_POINT ( 'NONE', #417 ) ;
#325 = CARTESIAN_POINT ( 'NONE',  ( 0.02078740157480315695, 0.06299999999999998657, -0.02953149606299216093 ) ) ;
#326 = PRESENTATION_STYLE_ASSIGNMENT (( #831 ) ) ;
#327 = ORIENTED_EDGE ( 'NONE', *, *, #1003, .F. ) ;
#328 = CARTESIAN_POINT ( 'NONE',  ( 0.02078740157480315695, 0.06300000000000002820, 0.008000000000250001575 ) ) ;
#329 = ORIENTED_EDGE ( 'NONE', *, *, #114, .T. ) ;
#330 = EDGE_LOOP ( 'NONE', ( #1194, #119, #451, #433 ) ) ;
#331 = VECTOR ( 'NONE', #1109, 39.37007874015748143 ) ;
#332 = CARTESIAN_POINT ( 'NONE',  ( 0.000000000000000000, -0.05831370800000002658, 0.008000000000000001901 ) ) ;
#333 = UNCERTAINTY_MEASURE_WITH_UNIT (LENGTH_MEASURE( 1.000000000000000082E-05 ), #1151, 'distance_accuracy_value', 'NONE');
#334 = ORIENTED_EDGE ( 'NONE', *, *, #1184, .T. ) ;
#335 = DIRECTION ( 'NONE',  ( -1.000000000000000000, -0.000000000000000000, -0.000000000000000000 ) ) ;
#336 = EDGE_CURVE ( 'NONE', #622, #737, #1129, .T. ) ;
#337 =( BOUNDED_CURVE ( )  B_SPLINE_CURVE ( 3, ( #222, #332, #982, #633, #318, #145, #843 ),
 .UNSPECIFIED., .F., .T. ) 
 B_SPLINE_CURVE_WITH_KNOTS ( ( 4, 3, 4 ),
 ( 1.066155108903378468E-15, 0.0003175828488898875925, 0.0006351656977787090890 ),
 .UNSPECIFIED. ) 
 CURVE ( )  GEOMETRIC_REPRESENTATION_ITEM ( )  RATIONAL_B_SPLINE_CURVE ( ( 1.000000000000000000, 0.8047378540760220522, 0.8047378540760220522, 1.000000000000000000, 0.8047378540760220522, 0.8047378540760220522, 1.000000000000000000 ) ) 
 REPRESENTATION_ITEM ( '' )  );
#338 = EDGE_LOOP ( 'NONE', ( #1282, #418, #357, #437 ) ) ;
#339 = DIRECTION ( 'NONE',  ( -1.000000000000000000, -0.000000000000000000, 0.000000000000000000 ) ) ;
#340 = VECTOR ( 'NONE', #710, 39.37007874015748143 ) ;
#341 = STYLED_ITEM ( 'NONE', ( #1049 ), #1023 ) ;
#342 = EDGE_CURVE ( 'NONE', #1068, #756, #1173, .T. ) ;
#343 =( LENGTH_UNIT ( ) NAMED_UNIT ( * ) SI_UNIT ( $, .METRE. ) );
#344 = LINE ( 'NONE', #1263, #825 ) ;
#345 = VECTOR ( 'NONE', #934, 39.37007874015748143 ) ;
#346 = VERTEX_POINT ( 'NONE', #294 ) ;
#347 = LINE ( 'NONE', #237, #92 ) ;
#348 = ORIENTED_EDGE ( 'NONE', *, *, #1041, .T. ) ;
#349 = LINE ( 'NONE', #640, #18 ) ;
#350 = ORIENTED_EDGE ( 'NONE', *, *, #856, .T. ) ;
#351 = DIRECTION ( 'NONE',  ( -1.000000000000000000, -0.000000000000000000, -0.000000000000000000 ) ) ;
#352 =( CONVERSION_BASED_UNIT ( 'INCH', #1277 ) LENGTH_UNIT ( ) NAMED_UNIT ( #978 ) );
#353 = ORIENTED_EDGE ( 'NONE', *, *, #743, .T. ) ;
#354 = ORIENTED_EDGE ( 'NONE', *, *, #205, .F. ) ;
#355 = CARTESIAN_POINT ( 'NONE',  ( 0.000000000000000000, -0.06300000000000002820, 0.008000000000000001901 ) ) ;
#356 = EDGE_CURVE ( 'NONE', #966, #669, #194, .T. ) ;
#357 = ORIENTED_EDGE ( 'NONE', *, *, #97, .F. ) ;
#358 = SURFACE_SIDE_STYLE ('',( #1275 ) ) ;
#359 = VERTEX_POINT ( 'NONE', #111 ) ;
#360 = MECHANICAL_DESIGN_GEOMETRIC_PRESENTATION_REPRESENTATION (  '', ( #1144 ), #724 ) ;
#361 = CARTESIAN_POINT ( 'NONE',  ( 0.02000000000000000042, 0.04700000000000002787, 0.008000000000000001901 ) ) ;
#362 = PRESENTATION_STYLE_ASSIGNMENT (( #1079 ) ) ;
#363 = VECTOR ( 'NONE', #351, 39.37007874015748143 ) ;
#364 = EDGE_CURVE ( 'NONE', #767, #45, #1016, .T. ) ;
#365 = PLANE ( 'NONE',  #474 ) ;
#366 = LENGTH_MEASURE_WITH_UNIT ( LENGTH_MEASURE( 0.02539999999999999897 ), #1211 );
#367 = CARTESIAN_POINT ( 'NONE',  ( 0.02000000000000000389, -0.05500000000000001416, 0.000000000000000000 ) ) ;
#368 = MECHANICAL_DESIGN_GEOMETRIC_PRESENTATION_REPRESENTATION (  '', ( #431 ), #432 ) ;
#369 = ORIENTED_EDGE ( 'NONE', *, *, #205, .T. ) ;
#370 = DIMENSIONAL_EXPONENTS ( 1.000000000000000000, 0.000000000000000000, 0.000000000000000000, 0.000000000000000000, 0.000000000000000000, 0.000000000000000000, 0.000000000000000000 ) ;
#371 =( NAMED_UNIT ( * ) SI_UNIT ( $, .STERADIAN. ) SOLID_ANGLE_UNIT ( ) );
#372 = MECHANICAL_DESIGN_GEOMETRIC_PRESENTATION_REPRESENTATION (  '', ( #1108 ), #691 ) ;
#373 = PLANE ( 'NONE',  #504 ) ;
#374 = STYLED_ITEM ( 'NONE', ( #777 ), #1133 ) ;
#375 = ORIENTED_EDGE ( 'NONE', *, *, #72, .T. ) ;
#376 = DIRECTION ( 'NONE',  ( -0.05233595955494407814, 0.000000000000000000, -0.9986295345809993451 ) ) ;
#377 = FACE_OUTER_BOUND ( 'NONE', #550, .T. ) ;
#378 = DIRECTION ( 'NONE',  ( -1.022548280917249876E-16, 5.358948327988416100E-18, 1.000000000000000000 ) ) ;
#379 = FILL_AREA_STYLE_COLOUR ( '', #1059 ) ;
#380 = ORIENTED_EDGE ( 'NONE', *, *, #939, .T. ) ;
#381 = CARTESIAN_POINT ( 'NONE',  ( 0.02078740157480315695, -0.06300000000012426216, -1.249985861960391921E-13 ) ) ;
#382 = VECTOR ( 'NONE', #1295, 39.37007874015748143 ) ;
#383 = CARTESIAN_POINT ( 'NONE',  ( 0.02000000000000000389, -0.06300000000012426216, -1.249985861960391921E-13 ) ) ;
#384 = CARTESIAN_POINT ( 'NONE',  ( 0.02078740157480315695, 0.03937007874015747977, 0.02953149606299212970 ) ) ;
#385 = EDGE_LOOP ( 'NONE', ( #255, #631, #1166, #1272 ) ) ;
#386 = CARTESIAN_POINT ( 'NONE',  ( 0.000000000000000000, -0.06300000000000002820, 0.008000000000250001575 ) ) ;
#387 = FILL_AREA_STYLE_COLOUR ( '', #171 ) ;
#388 = ADVANCED_FACE ( 'NONE', ( #523 ), #509, .T. ) ;
#389 = DIRECTION ( 'NONE',  ( -0.000000000000000000, 1.000000000000000000, 0.000000000000000000 ) ) ;
#390 =( NAMED_UNIT ( * ) PLANE_ANGLE_UNIT ( ) SI_UNIT ( $, .RADIAN. ) );
#391 = CARTESIAN_POINT ( 'NONE',  ( 0.02078740157480315695, 0.06300000000000001432, 0.02953149606299209154 ) ) ;
#392 = FACE_OUTER_BOUND ( 'NONE', #167, .T. ) ;
#393 =( LENGTH_UNIT ( ) NAMED_UNIT ( * ) SI_UNIT ( $, .METRE. ) );
#394 = DIRECTION ( 'NONE',  ( -0.000000000000000000, 0.000000000000000000, 1.000000000000000000 ) ) ;
#395 = AXIS2_PLACEMENT_3D ( 'NONE', #522, #1149, #8 ) ;
#396 = FILL_AREA_STYLE ('',( #285 ) ) ;
#397 = SURFACE_STYLE_FILL_AREA ( #593 ) ;
#398 = SURFACE_SIDE_STYLE ('',( #1127 ) ) ;
#399 = CARTESIAN_POINT ( 'NONE',  ( 0.02000000000000000389, 0.06300000000000002820, 0.008000000000250001575 ) ) ;
#400 = DIMENSIONAL_EXPONENTS ( 1.000000000000000000, 0.000000000000000000, 0.000000000000000000, 0.000000000000000000, 0.000000000000000000, 0.000000000000000000, 0.000000000000000000 ) ;
#401 =( NAMED_UNIT ( * ) PLANE_ANGLE_UNIT ( ) SI_UNIT ( $, .RADIAN. ) );
#402 = ADVANCED_FACE ( 'NONE', ( #705 ), #920, .F. ) ;
#403 = COLOUR_RGB ( '',0.8431372549019607865, 0.8156862745098039102, 0.7529411764705882248 ) ;
#404 = LENGTH_MEASURE_WITH_UNIT ( LENGTH_MEASURE( 0.02539999999999999897 ), #195 );
#405 = CYLINDRICAL_SURFACE ( 'NONE', #1226, 0.008000000000125000871 ) ;
#406 = AXIS2_PLACEMENT_3D ( 'NONE', #13, #1053, #466 ) ;
#407 = LINE ( 'NONE', #1240, #66 ) ;
#408 = EDGE_CURVE ( 'NONE', #243, #620, #337, .T. ) ;
#409 = PLANE ( 'NONE',  #948 ) ;
#410 =( NAMED_UNIT ( * ) SI_UNIT ( $, .STERADIAN. ) SOLID_ANGLE_UNIT ( ) );
#411 = DIRECTION ( 'NONE',  ( 0.000000000000000000, 2.890820350581266085E-16, -1.000000000000000000 ) ) ;
#412 = STYLED_ITEM ( 'NONE', ( #513 ), #683 ) ;
#413 =( GEOMETRIC_REPRESENTATION_CONTEXT ( 3 ) GLOBAL_UNCERTAINTY_ASSIGNED_CONTEXT ( ( #1039 ) ) GLOBAL_UNIT_ASSIGNED_CONTEXT ( ( #1025, #608, #98 ) ) REPRESENTATION_CONTEXT ( 'NONE', 'WORKASPACE' ) );
#414 = MECHANICAL_DESIGN_GEOMETRIC_PRESENTATION_REPRESENTATION (  '', ( #374 ), #817 ) ;
#415 =( LENGTH_UNIT ( ) NAMED_UNIT ( * ) SI_UNIT ( $, .METRE. ) );
#416 = CARTESIAN_POINT ( 'NONE',  ( 0.000000000000000000, 0.06300000000000002820, 0.008000000000000001901 ) ) ;
#417 = CARTESIAN_POINT ( 'NONE',  ( 0.02000000000000000389, 0.03937007874015743120, -0.02953149606299216093 ) ) ;
#418 = ORIENTED_EDGE ( 'NONE', *, *, #811, .F. ) ;
#419 = LINE ( 'NONE', #1042, #892 ) ;
#420 = STYLED_ITEM ( 'NONE', ( #900 ), #290 ) ;
#421 = FACE_OUTER_BOUND ( 'NONE', #441, .T. ) ;
#422 = CARTESIAN_POINT ( 'NONE',  ( 0.02078740157480315695, 0.06300000000000002820, -0.008000000000000001901 ) ) ;
#423 = SURFACE_STYLE_FILL_AREA ( #429 ) ;
#424 = CARTESIAN_POINT ( 'NONE',  ( 0.000000000000000000, 0.04700000000000001399, -0.008000000000000001901 ) ) ;
#425 = AXIS2_PLACEMENT_3D ( 'NONE', #312, #1228, #1 ) ;
#426 = EDGE_LOOP ( 'NONE', ( #32, #958, #177, #935 ) ) ;
#427 = CARTESIAN_POINT ( 'NONE',  ( -0.01220472440944881526, -0.03950000000000001427, 0.03149999999218799918 ) ) ;
#428 = LINE ( 'NONE', #840, #279 ) ;
#429 = FILL_AREA_STYLE ('',( #736 ) ) ;
#430 = FACE_OUTER_BOUND ( 'NONE', #878, .T. ) ;
#431 = STYLED_ITEM ( 'NONE', ( #230 ), #741 ) ;
#432 =( GEOMETRIC_REPRESENTATION_CONTEXT ( 3 ) GLOBAL_UNCERTAINTY_ASSIGNED_CONTEXT ( ( #333 ) ) GLOBAL_UNIT_ASSIGNED_CONTEXT ( ( #1151, #839, #821 ) ) REPRESENTATION_CONTEXT ( 'NONE', 'WORKASPACE' ) );
#433 = ORIENTED_EDGE ( 'NONE', *, *, #1125, .T. ) ;
#434 = VECTOR ( 'NONE', #750, 39.37007874015748143 ) ;
#435 = CARTESIAN_POINT ( 'NONE',  ( 0.02078740157480315695, 0.06299999999848411580, 1.249991197601004360E-13 ) ) ;
#436 = ADVANCED_FACE ( 'NONE', ( #556 ), #269, .T. ) ;
#437 = ORIENTED_EDGE ( 'NONE', *, *, #1064, .T. ) ;
#438 = FILL_AREA_STYLE ('',( #253 ) ) ;
#439 = ORIENTED_EDGE ( 'NONE', *, *, #906, .F. ) ;
#440 = FILL_AREA_STYLE ('',( #722 ) ) ;
#441 = EDGE_LOOP ( 'NONE', ( #546, #353, #733, #1293 ) ) ;
#442 = ORIENTED_EDGE ( 'NONE', *, *, #135, .F. ) ;
#443 = EDGE_CURVE ( 'NONE', #973, #465, #1222, .T. ) ;
#444 = VERTEX_POINT ( 'NONE', #886 ) ;
#445 = VERTEX_POINT ( 'NONE', #1165 ) ;
#446 = FILL_AREA_STYLE_COLOUR ( '', #711 ) ;
#447 =( GEOMETRIC_REPRESENTATION_CONTEXT ( 3 ) GLOBAL_UNCERTAINTY_ASSIGNED_CONTEXT ( ( #649 ) ) GLOBAL_UNIT_ASSIGNED_CONTEXT ( ( #299, #533, #953 ) ) REPRESENTATION_CONTEXT ( 'NONE', 'WORKASPACE' ) );
#448 = MECHANICAL_DESIGN_GEOMETRIC_PRESENTATION_REPRESENTATION (  '', ( #927 ), #1080 ) ;
#449 = CARTESIAN_POINT ( 'NONE',  ( 0.02000000000000000736, 0.04700000000000001399, 0.008000000000000001901 ) ) ;
#450 = DIRECTION ( 'NONE',  ( 0.000000000000000000, 0.000000000000000000, 1.000000000000000000 ) ) ;
#451 = ORIENTED_EDGE ( 'NONE', *, *, #408, .T. ) ;
#452 = ADVANCED_FACE ( 'NONE', ( #430 ), #974, .F. ) ;
#453 = FACE_OUTER_BOUND ( 'NONE', #26, .T. ) ;
#454 = UNCERTAINTY_MEASURE_WITH_UNIT (LENGTH_MEASURE( 1.000000000000000082E-05 ), #176, 'distance_accuracy_value', 'NONE');
#455 = ORIENTED_EDGE ( 'NONE', *, *, #637, .F. ) ;
#456 = PLANE ( 'NONE',  #538 ) ;
#457 = LINE ( 'NONE', #1314, #309 ) ;
#458 = EDGE_LOOP ( 'NONE', ( #1056, #463, #537, #951 ) ) ;
#459 = FACE_OUTER_BOUND ( 'NONE', #31, .T. ) ;
#460 = ADVANCED_FACE ( 'NONE', ( #654 ), #664, .F. ) ;
#461 = ORIENTED_EDGE ( 'NONE', *, *, #443, .F. ) ;
#462 = LINE ( 'NONE', #482, #1339 ) ;
#463 = ORIENTED_EDGE ( 'NONE', *, *, #282, .T. ) ;
#464 = CARTESIAN_POINT ( 'NONE',  ( 0.000000000000000000, -0.06300000000000002820, -0.008000000000000001901 ) ) ;
#465 = VERTEX_POINT ( 'NONE', #1089 ) ;
#466 = DIRECTION ( 'NONE',  ( 0.9986295345809993451, 0.000000000000000000, 0.05233595955494407814 ) ) ;
#467 = DIRECTION ( 'NONE',  ( -1.000000000000000000, 0.000000000000000000, -0.000000000000000000 ) ) ;
#468 = VERTEX_POINT ( 'NONE', #155 ) ;
#469 = DIMENSIONAL_EXPONENTS ( 1.000000000000000000, 0.000000000000000000, 0.000000000000000000, 0.000000000000000000, 0.000000000000000000, 0.000000000000000000, 0.000000000000000000 ) ;
#470 = VECTOR ( 'NONE', #1337, 39.37007874015748143 ) ;
#471 = CARTESIAN_POINT ( 'NONE',  ( -0.01220472440944881873, -0.03997400000000000259, -0.03150000000000001410 ) ) ;
#472 = LENGTH_MEASURE_WITH_UNIT ( LENGTH_MEASURE( 0.02539999999999999897 ), #1075 );
#473 = DIRECTION ( 'NONE',  ( 0.000000000000000000, -0.000000000000000000, -1.000000000000000000 ) ) ;
#474 = AXIS2_PLACEMENT_3D ( 'NONE', #667, #1299, #491 ) ;
#475 = ORIENTED_EDGE ( 'NONE', *, *, #1311, .T. ) ;
#476 = SURFACE_SIDE_STYLE ('',( #59 ) ) ;
#477 = COLOUR_RGB ( '',0.6470588235294117974, 0.5176470588235293491, 0.000000000000000000 ) ;
#478 = FACE_OUTER_BOUND ( 'NONE', #260, .T. ) ;
#479 = LINE ( 'NONE', #684, #382 ) ;
#480 = STYLED_ITEM ( 'NONE', ( #1118 ), #1162 ) ;
#481 = MECHANICAL_DESIGN_GEOMETRIC_PRESENTATION_REPRESENTATION (  '', ( #930 ), #91 ) ;
#482 = CARTESIAN_POINT ( 'NONE',  ( 0.02000000000000000389, 0.06300000000000001432, 0.02953149606299209154 ) ) ;
#483 = ADVANCED_FACE ( 'NONE', ( #992 ), #530, .F. ) ;
#484 =( CONVERSION_BASED_UNIT ( 'INCH', #670 ) LENGTH_UNIT ( ) NAMED_UNIT ( #1330 ) );
#485 = CARTESIAN_POINT ( 'NONE',  ( 0.000000000000000000, -0.05500000000000001416, 0.000000000000000000 ) ) ;
#486 = DIRECTION ( 'NONE',  ( 1.000000000000000000, -0.000000000000000000, 0.000000000000000000 ) ) ;
#487 = LINE ( 'NONE', #69, #34 ) ;
#488 = LENGTH_MEASURE_WITH_UNIT ( LENGTH_MEASURE( 0.02539999999999999897 ), #1103 );
#489 = CARTESIAN_POINT ( 'NONE',  ( 0.02078740157480315695, -0.06300000000000001432, 0.02953149606299212623 ) ) ;
#490 = COLOUR_RGB ( '',0.8431372549019607865, 0.8156862745098039102, 0.7529411764705882248 ) ;
#491 = DIRECTION ( 'NONE',  ( 0.000000000000000000, -0.000000000000000000, 1.000000000000000000 ) ) ;
#492 = UNCERTAINTY_MEASURE_WITH_UNIT (LENGTH_MEASURE( 1.000000000000000082E-05 ), #1110, 'distance_accuracy_value', 'NONE');
#493 = APPLICATION_PROTOCOL_DEFINITION ( 'draft international standard', 'automotive_design', 1998, #317 ) ;
#494 = FILL_AREA_STYLE_COLOUR ( '', #403 ) ;
#495 = DIRECTION ( 'NONE',  ( -0.000000000000000000, 1.000000000000000000, -0.000000000000000000 ) ) ;
#496 = CARTESIAN_POINT ( 'NONE',  ( 0.000000000000000000, -0.06299999999999893185, -0.03150000000000001410 ) ) ;
#497 = MECHANICAL_DESIGN_GEOMETRIC_PRESENTATION_REPRESENTATION (  '', ( #1094 ), #1072 ) ;
#498 =( LENGTH_UNIT ( ) NAMED_UNIT ( * ) SI_UNIT ( $, .METRE. ) );
#499 = DIRECTION ( 'NONE',  ( -0.9986295348225961988, -0.05233595494500158096, 0.000000000000000000 ) ) ;
#500 = SURFACE_STYLE_FILL_AREA ( #511 ) ;
#501 = CARTESIAN_POINT ( 'NONE',  ( 0.02078740157480315695, 0.06300000000000001432, 0.02953149606299209154 ) ) ;
#502 = LINE ( 'NONE', #1221, #619 ) ;
#503 = FILL_AREA_STYLE_COLOUR ( '', #1130 ) ;
#504 = AXIS2_PLACEMENT_3D ( 'NONE', #355, #156, #782 ) ;
#505 = LINE ( 'NONE', #293, #544 ) ;
#506 = SURFACE_STYLE_USAGE ( .BOTH. , #1219 ) ;
#507 = DIRECTION ( 'NONE',  ( -1.000000000000000000, -0.000000000000000000, -0.000000000000000000 ) ) ;
#508 = EDGE_CURVE ( 'NONE', #1159, #346, #487, .T. ) ;
#509 = PLANE ( 'NONE',  #1000 ) ;
#510 = CLOSED_SHELL ( 'NONE', ( #50, #677, #1162, #1133, #776, #295, #1031, #820 ) ) ;
#511 = FILL_AREA_STYLE ('',( #494 ) ) ;
#512 = CARTESIAN_POINT ( 'NONE',  ( 0.02078740157480315695, -0.06300000000000001432, -0.008000000000250003310 ) ) ;
#513 = PRESENTATION_STYLE_ASSIGNMENT (( #913 ) ) ;
#514 = CARTESIAN_POINT ( 'NONE',  ( 0.02078740157480315695, 0.03937007874015747977, 0.02953149606299212970 ) ) ;
#515 = PRESENTATION_LAYER_ASSIGNMENT (  '', '', ( #835 ) ) ;
#516 =( NAMED_UNIT ( * ) PLANE_ANGLE_UNIT ( ) SI_UNIT ( $, .RADIAN. ) );
#517 = DIRECTION ( 'NONE',  ( -1.000000000000000000, 0.000000000000000000, 0.000000000000000000 ) ) ;
#518 = VECTOR ( 'NONE', #499, 39.37007874015748143 ) ;
#519 = PRESENTATION_LAYER_ASSIGNMENT (  '', '', ( #801 ) ) ;
#520 = ORIENTED_EDGE ( 'NONE', *, *, #1206, .T. ) ;
#521 = EDGE_CURVE ( 'NONE', #324, #767, #1207, .T. ) ;
#522 = CARTESIAN_POINT ( 'NONE',  ( 0.02000000000000000389, 0.06299999999848411580, 1.249991197601004360E-13 ) ) ;
#523 = FACE_OUTER_BOUND ( 'NONE', #7, .T. ) ;
#524 = MECHANICAL_DESIGN_GEOMETRIC_PRESENTATION_REPRESENTATION (  '', ( #698 ), #189 ) ;
#525 = ORIENTED_EDGE ( 'NONE', *, *, #906, .T. ) ;
#526 = SURFACE_SIDE_STYLE ('',( #629 ) ) ;
#527 = ORIENTED_EDGE ( 'NONE', *, *, #721, .F. ) ;
#528 = SURFACE_STYLE_FILL_AREA ( #440 ) ;
#529 = DIRECTION ( 'NONE',  ( 0.9972646885292275609, -0.05226442638348229724, -0.05226443099765355066 ) ) ;
#530 = PLANE ( 'NONE',  #1045 ) ;
#531 = VERTEX_POINT ( 'NONE', #585 ) ;
#532 = VECTOR ( 'NONE', #1276, 39.37007874015748143 ) ;
#533 =( NAMED_UNIT ( * ) PLANE_ANGLE_UNIT ( ) SI_UNIT ( $, .RADIAN. ) );
#534 = ADVANCED_FACE ( 'NONE', ( #186 ), #902, .F. ) ;
#535 = CARTESIAN_POINT ( 'NONE',  ( 0.02000000000000000042, 0.04700000000000002787, -0.008000000000000001901 ) ) ;
#536 = VECTOR ( 'NONE', #1213, 39.37007874015748143 ) ;
#537 = ORIENTED_EDGE ( 'NONE', *, *, #319, .T. ) ;
#538 = AXIS2_PLACEMENT_3D ( 'NONE', #384, #54, #1303 ) ;
#539 = CARTESIAN_POINT ( 'NONE',  ( -0.03433070866141731819, 0.06345096965735504135, 0.03767892598063928011 ) ) ;
#540 = EDGE_CURVE ( 'NONE', #966, #873, #1111, .T. ) ;
#541 = ORIENTED_EDGE ( 'NONE', *, *, #1261, .F. ) ;
#542 = SURFACE_STYLE_FILL_AREA ( #438 ) ;
#543 = ORIENTED_EDGE ( 'NONE', *, *, #880, .F. ) ;
#544 = VECTOR ( 'NONE', #601, 39.37007874015748143 ) ;
#545 = ORIENTED_EDGE ( 'NONE', *, *, #972, .F. ) ;
#546 = ORIENTED_EDGE ( 'NONE', *, *, #612, .T. ) ;
#547 = CARTESIAN_POINT ( 'NONE',  ( 0.000000000000000000, -0.06300000000000002820, -0.008000000000000001901 ) ) ;
#548 = ORIENTED_EDGE ( 'NONE', *, *, #1229, .F. ) ;
#549 = PRESENTATION_STYLE_ASSIGNMENT (( #565 ) ) ;
#550 = EDGE_LOOP ( 'NONE', ( #1320, #53, #613, #369 ) ) ;
#551 = FACE_OUTER_BOUND ( 'NONE', #112, .T. ) ;
#552 = ADVANCED_FACE ( 'NONE', ( #392 ), #679, .F. ) ;
#553 = CARTESIAN_POINT ( 'NONE',  ( 0.02000000000000000389, -0.05831370900000001217, -0.008000000000000003636 ) ) ;
#554 = ORIENTED_EDGE ( 'NONE', *, *, #1125, .F. ) ;
#555 = ORIENTED_EDGE ( 'NONE', *, *, #63, .T. ) ;
#556 = FACE_OUTER_BOUND ( 'NONE', #164, .T. ) ;
#557 = LENGTH_MEASURE_WITH_UNIT ( LENGTH_MEASURE( 0.02539999999999999897 ), #343 );
#558 = VECTOR ( 'NONE', #914, 39.37007874015748143 ) ;
#559 = VERTEX_POINT ( 'NONE', #183 ) ;
#560 = DIMENSIONAL_EXPONENTS ( 1.000000000000000000, 0.000000000000000000, 0.000000000000000000, 0.000000000000000000, 0.000000000000000000, 0.000000000000000000, 0.000000000000000000 ) ;
#561 = DIRECTION ( 'NONE',  ( -0.000000000000000000, -3.964900978234027399E-16, 1.000000000000000000 ) ) ;
#562 = CARTESIAN_POINT ( 'NONE',  ( 0.02078740157480315695, 0.06300000000000001432, 0.02953149606299209154 ) ) ;
#563 = VERTEX_POINT ( 'NONE', #65 ) ;
#564 = VERTEX_POINT ( 'NONE', #190 ) ;
#565 = SURFACE_STYLE_USAGE ( .BOTH. , #975 ) ;
#566 = DIRECTION ( 'NONE',  ( -1.000000000000000000, -0.000000000000000000, -0.000000000000000000 ) ) ;
#567 = VECTOR ( 'NONE', #566, 39.37007874015748143 ) ;
#568 = CARTESIAN_POINT ( 'NONE',  ( 0.000000000000000000, -0.06299999999999755795, -0.008000000000000001901 ) ) ;
#569 = ORIENTED_EDGE ( 'NONE', *, *, #921, .T. ) ;
#570 =( BOUNDED_CURVE ( )  B_SPLINE_CURVE ( 3, ( #142, #687, #764, #1181, #866, #651, #964 ),
 .UNSPECIFIED., .F., .T. ) 
 B_SPLINE_CURVE_WITH_KNOTS ( ( 4, 3, 4 ),
 ( 0.000000000000000000, 0.0003175828488895503514, 0.0006351656977791007028 ),
 .UNSPECIFIED. ) 
 CURVE ( )  GEOMETRIC_REPRESENTATION_ITEM ( )  RATIONAL_B_SPLINE_CURVE ( ( 1.000000000000000000, 0.8047378540760220522, 0.8047378540760220522, 1.000000000000000000, 0.8047378540760220522, 0.8047378540760220522, 1.000000000000000000 ) ) 
 REPRESENTATION_ITEM ( '' )  );
#571 = DIMENSIONAL_EXPONENTS ( 1.000000000000000000, 0.000000000000000000, 0.000000000000000000, 0.000000000000000000, 0.000000000000000000, 0.000000000000000000, 0.000000000000000000 ) ;
#572 = ORIENTED_EDGE ( 'NONE', *, *, #540, .T. ) ;
#573 = CARTESIAN_POINT ( 'NONE',  ( 0.02078740157480315695, 0.06300000000000002820, 0.008000000000250001575 ) ) ;
#574 = ORIENTED_EDGE ( 'NONE', *, *, #592, .F. ) ;
#575 = FILL_AREA_STYLE ('',( #168 ) ) ;
#576 = CARTESIAN_POINT ( 'NONE',  ( 0.02078740157480315695, 0.06299999999999998657, -0.02953149606299216093 ) ) ;
#577 = CARTESIAN_POINT ( 'NONE',  ( 0.02078740157480315695, 0.06299999999999998657, -0.02953149606299216093 ) ) ;
#578 = EDGE_CURVE ( 'NONE', #531, #564, #1296, .T. ) ;
#579 = EDGE_CURVE ( 'NONE', #686, #445, #462, .T. ) ;
#580 = AXIS2_PLACEMENT_3D ( 'NONE', #152, #671, #141 ) ;
#581 = DIRECTION ( 'NONE',  ( 0.9972646886461719040, 0.05226442638961103365, 0.05226442876009206734 ) ) ;
#582 = SURFACE_SIDE_STYLE ('',( #163 ) ) ;
#583 = SURFACE_SIDE_STYLE ('',( #1099 ) ) ;
#584 = AXIS2_PLACEMENT_3D ( 'NONE', #1315, #794, #690 ) ;
#585 = CARTESIAN_POINT ( 'NONE',  ( 0.02000000000000000389, -0.06300000000000002820, 0.008000000000000005371 ) ) ;
#586 = COLOUR_RGB ( '',0.6470588235294117974, 0.5176470588235293491, 0.000000000000000000 ) ;
#587 = EDGE_CURVE ( 'NONE', #770, #627, #591, .T. ) ;
#588 = CARTESIAN_POINT ( 'NONE',  ( 0.02000000000000000389, -0.06300000000000001432, -0.02953149606299212623 ) ) ;
#589 = CARTESIAN_POINT ( 'NONE',  ( -0.01220472440944881873, 0.03950000000000001427, 0.03150000000000001410 ) ) ;
#590 = FILL_AREA_STYLE ('',( #699 ) ) ;
#591 = LINE ( 'NONE', #588, #815 ) ;
#592 = EDGE_CURVE ( 'NONE', #465, #1102, #1325, .T. ) ;
#593 = FILL_AREA_STYLE ('',( #702 ) ) ;
#594 = DIRECTION ( 'NONE',  ( 1.000000000000000000, 0.000000000000000000, 0.000000000000000000 ) ) ;
#595 = CARTESIAN_POINT ( 'NONE',  ( 0.000000000000000000, 0.06300000000000001432, -0.008000000000250005044 ) ) ;
#596 = LINE ( 'NONE', #267, #893 ) ;
#597 = EDGE_CURVE ( 'NONE', #622, #873, #1116, .T. ) ;
#598 = VECTOR ( 'NONE', #52, 39.37007874015748143 ) ;
#599 = AXIS2_PLACEMENT_3D ( 'NONE', #795, #394, #594 ) ;
#600 = SURFACE_STYLE_FILL_AREA ( #70 ) ;
#601 = DIRECTION ( 'NONE',  ( 1.000000000000000000, -0.000000000000000000, 0.000000000000000000 ) ) ;
#602 = PLANE ( 'NONE',  #425 ) ;
#603 = LINE ( 'NONE', #720, #731 ) ;
#604 = PRODUCT_DEFINITION_SHAPE ( 'NONE', 'NONE',  #1253 ) ;
#605 =( NAMED_UNIT ( * ) SI_UNIT ( $, .STERADIAN. ) SOLID_ANGLE_UNIT ( ) );
#606 = CARTESIAN_POINT ( 'NONE',  ( 0.02078740157480315695, -0.06300000000000002820, 0.008000000000000005371 ) ) ;
#607 = CARTESIAN_POINT ( 'NONE',  ( 0.000000000000000000, 0.06300000000000001432, 0.03150000000000000716 ) ) ;
#608 =( NAMED_UNIT ( * ) PLANE_ANGLE_UNIT ( ) SI_UNIT ( $, .RADIAN. ) );
#609 = DIRECTION ( 'NONE',  ( 0.000000000000000000, 3.964900978234028385E-16, -1.000000000000000000 ) ) ;
#610 = FACE_OUTER_BOUND ( 'NONE', #162, .T. ) ;
#611 =( NAMED_UNIT ( * ) SI_UNIT ( $, .STERADIAN. ) SOLID_ANGLE_UNIT ( ) );
#612 = EDGE_CURVE ( 'NONE', #559, #137, #1317, .T. ) ;
#613 = ORIENTED_EDGE ( 'NONE', *, *, #879, .F. ) ;
#614 = DIRECTION ( 'NONE',  ( 0.000000000000000000, 0.000000000000000000, -1.000000000000000000 ) ) ;
#615 = SURFACE_STYLE_FILL_AREA ( #829 ) ;
#616 = CARTESIAN_POINT ( 'NONE',  ( 0.02078740157480315695, -0.06300000000000001432, 0.02953149606299212623 ) ) ;
#617 = COLOUR_RGB ( '',0.8431372549019607865, 0.8156862745098039102, 0.7529411764705882248 ) ;
#618 = DIRECTION ( 'NONE',  ( 1.022548280917249876E-16, 5.358948327988416100E-18, -1.000000000000000000 ) ) ;
#619 = VECTOR ( 'NONE', #1013, 39.37007874015748143 ) ;
#620 = VERTEX_POINT ( 'NONE', #568 ) ;
#621 = CARTESIAN_POINT ( 'NONE',  ( 0.02078740157480315695, -0.03937007874015746589, -0.02953149606299214358 ) ) ;
#622 = VERTEX_POINT ( 'NONE', #278 ) ;
#623 = CARTESIAN_POINT ( 'NONE',  ( 0.02000000000000000389, -0.03937007874015747977, 0.02953149606299215052 ) ) ;
#624 = CARTESIAN_POINT ( 'NONE',  ( 0.02000000000000000389, 0.06300000000000002820, -0.008000000000000001901 ) ) ;
#625 = PRESENTATION_LAYER_ASSIGNMENT (  '', '', ( #698 ) ) ;
#626 = UNCERTAINTY_MEASURE_WITH_UNIT (LENGTH_MEASURE( 1.000000000000000082E-05 ), #484, 'distance_accuracy_value', 'NONE');
#627 = VERTEX_POINT ( 'NONE', #160 ) ;
#628 = PRESENTATION_LAYER_ASSIGNMENT (  '', '', ( #1332 ) ) ;
#629 = SURFACE_STYLE_FILL_AREA ( #107 ) ;
#630 = EDGE_CURVE ( 'NONE', #227, #1087, #1310, .T. ) ;
#631 = ORIENTED_EDGE ( 'NONE', *, *, #1237, .T. ) ;
#632 = SURFACE_STYLE_USAGE ( .BOTH. , #1043 ) ;
#633 = CARTESIAN_POINT ( 'NONE',  ( 0.000000000000000000, -0.05500000000000001416, 0.000000000000000000 ) ) ;
#634 = EDGE_LOOP ( 'NONE', ( #970, #1246, #749, #837 ) ) ;
#635 = PLANE ( 'NONE',  #950 ) ;
#636 = ORIENTED_EDGE ( 'NONE', *, *, #224, .F. ) ;
#637 = EDGE_CURVE ( 'NONE', #175, #669, #1217, .T. ) ;
#638 = VERTEX_POINT ( 'NONE', #791 ) ;
#639 = COLOUR_RGB ( '',0.6470588235294117974, 0.5176470588235293491, 0.000000000000000000 ) ;
#640 = CARTESIAN_POINT ( 'NONE',  ( 0.02078740157480315695, 0.06299999999999998657, -0.02953149606299216093 ) ) ;
#641 = ORIENTED_EDGE ( 'NONE', *, *, #984, .F. ) ;
#642 = CARTESIAN_POINT ( 'NONE',  ( 0.000000000000000000, -0.06300000000000002820, 0.03149999999479199952 ) ) ;
#643 = LINE ( 'NONE', #562, #1233 ) ;
#644 = VECTOR ( 'NONE', #1256, 39.37007874015748143 ) ;
#645 = DIRECTION ( 'NONE',  ( 1.000000000000000000, 0.000000000000000000, 0.000000000000000000 ) ) ;
#646 = CARTESIAN_POINT ( 'NONE',  ( 0.000000000000000000, 0.06300000000000002820, 0.03150000000000001410 ) ) ;
#647 = ORIENTED_EDGE ( 'NONE', *, *, #200, .F. ) ;
#648 = ADVANCED_FACE ( 'NONE', ( #149 ), #1209, .T. ) ;
#649 = UNCERTAINTY_MEASURE_WITH_UNIT (LENGTH_MEASURE( 1.000000000000000082E-05 ), #299, 'distance_accuracy_value', 'NONE');
#650 = SURFACE_STYLE_USAGE ( .BOTH. , #1167 ) ;
#651 = CARTESIAN_POINT ( 'NONE',  ( 0.01999999999999999001, -0.05831370900000001217, -0.008000000000000001901 ) ) ;
#652 = ORIENTED_EDGE ( 'NONE', *, *, #844, .F. ) ;
#653 = ORIENTED_EDGE ( 'NONE', *, *, #1041, .F. ) ;
#654 = FACE_OUTER_BOUND ( 'NONE', #115, .T. ) ;
#655 = ORIENTED_EDGE ( 'NONE', *, *, #20, .T. ) ;
#656 = MECHANICAL_DESIGN_GEOMETRIC_PRESENTATION_REPRESENTATION (  '', ( #480 ), #1104 ) ;
#657 = FACE_OUTER_BOUND ( 'NONE', #1163, .T. ) ;
#658 = VECTOR ( 'NONE', #495, 39.37007874015748143 ) ;
#659 = DIMENSIONAL_EXPONENTS ( 1.000000000000000000, 0.000000000000000000, 0.000000000000000000, 0.000000000000000000, 0.000000000000000000, 0.000000000000000000, 0.000000000000000000 ) ;
#660 = DIRECTION ( 'NONE',  ( 0.000000000000000000, -1.000000000000000000, 1.625761338282161672E-15 ) ) ;
#661 = PRESENTATION_LAYER_ASSIGNMENT (  '', '', ( #182 ) ) ;
#662 = CARTESIAN_POINT ( 'NONE',  ( 0.02078740157480315695, -0.06300000000000001432, -0.02953149606299212623 ) ) ;
#663 = ORIENTED_EDGE ( 'NONE', *, *, #169, .T. ) ;
#664 = PLANE ( 'NONE',  #897 ) ;
#665 =( NAMED_UNIT ( * ) SI_UNIT ( $, .STERADIAN. ) SOLID_ANGLE_UNIT ( ) );
#666 = ORIENTED_EDGE ( 'NONE', *, *, #342, .F. ) ;
#667 = CARTESIAN_POINT ( 'NONE',  ( 0.000000000000000000, -0.06300000000000002820, -0.03150000000000001410 ) ) ;
#668 = UNCERTAINTY_MEASURE_WITH_UNIT (LENGTH_MEASURE( 1.000000000000000082E-05 ), #56, 'distance_accuracy_value', 'NONE');
#669 = VERTEX_POINT ( 'NONE', #890 ) ;
#670 = LENGTH_MEASURE_WITH_UNIT ( LENGTH_MEASURE( 0.02539999999999999897 ), #1289 );
#671 = DIRECTION ( 'NONE',  ( 0.000000000000000000, 0.000000000000000000, 1.000000000000000000 ) ) ;
#672 = PLANE ( 'NONE',  #271 ) ;
#673 = ORIENTED_EDGE ( 'NONE', *, *, #121, .F. ) ;
#674 = SURFACE_SIDE_STYLE ('',( #1101 ) ) ;
#675 = ADVANCED_FACE ( 'NONE', ( #657 ), #365, .F. ) ;
#676 = VERTEX_POINT ( 'NONE', #909 ) ;
#677 = ADVANCED_FACE ( 'NONE', ( #995 ), #93, .F. ) ;
#678 = VECTOR ( 'NONE', #138, 39.37007874015748143 ) ;
#679 = PLANE ( 'NONE',  #1169 ) ;
#680 = CARTESIAN_POINT ( 'NONE',  ( 0.000000000000000000, -0.06300000000000002820, 0.008000000000000001901 ) ) ;
#681 = VERTEX_POINT ( 'NONE', #1010 ) ;
#682 = ORIENTED_EDGE ( 'NONE', *, *, #72, .F. ) ;
#683 = ADVANCED_FACE ( 'NONE', ( #188 ), #206, .F. ) ;
#684 = CARTESIAN_POINT ( 'NONE',  ( -0.01220472440996080155, 0.03949999999997318156, -0.03150000000000000716 ) ) ;
#685 = DIRECTION ( 'NONE',  ( -0.000000000000000000, -0.000000000000000000, 1.000000000000000000 ) ) ;
#686 = VERTEX_POINT ( 'NONE', #399 ) ;
#687 = CARTESIAN_POINT ( 'NONE',  ( 0.01999999999999999001, -0.05831370800000002658, 0.008000000000000001901 ) ) ;
#688 = LENGTH_MEASURE_WITH_UNIT ( LENGTH_MEASURE( 0.02539999999999999897 ), #1020 );
#689 = VECTOR ( 'NONE', #1331, 39.37007874015748143 ) ;
#690 = DIRECTION ( 'NONE',  ( 1.000000000000000000, 0.000000000000000000, -0.000000000000000000 ) ) ;
#691 =( GEOMETRIC_REPRESENTATION_CONTEXT ( 3 ) GLOBAL_UNCERTAINTY_ASSIGNED_CONTEXT ( ( #1210 ) ) GLOBAL_UNIT_ASSIGNED_CONTEXT ( ( #220, #516, #665 ) ) REPRESENTATION_CONTEXT ( 'NONE', 'WORKASPACE' ) );
#692 = DIRECTION ( 'NONE',  ( -1.000000000000000000, 0.000000000000000000, 0.000000000000000000 ) ) ;
#693 = VECTOR ( 'NONE', #618, 39.37007874015748143 ) ;
#694 = DIRECTION ( 'NONE',  ( 0.000000000000000000, 0.000000000000000000, -1.000000000000000000 ) ) ;
#695 =( CONVERSION_BASED_UNIT ( 'INCH', #915 ) LENGTH_UNIT ( ) NAMED_UNIT ( #144 ) );
#696 = SURFACE_STYLE_USAGE ( .BOTH. , #674 ) ;
#697 =( NAMED_UNIT ( * ) SI_UNIT ( $, .STERADIAN. ) SOLID_ANGLE_UNIT ( ) );
#698 = STYLED_ITEM ( 'NONE', ( #1078 ), #460 ) ;
#699 = FILL_AREA_STYLE_COLOUR ( '', #1057 ) ;
#700 = CARTESIAN_POINT ( 'NONE',  ( 0.000000000000000000, 0.06300000000000002820, 0.008000000000000001901 ) ) ;
#701 = EDGE_CURVE ( 'NONE', #826, #243, #1015, .T. ) ;
#702 = FILL_AREA_STYLE_COLOUR ( '', #1243 ) ;
#703 =( NAMED_UNIT ( * ) SI_UNIT ( $, .STERADIAN. ) SOLID_ANGLE_UNIT ( ) );
#704 = DIRECTION ( 'NONE',  ( 0.000000000000000000, 1.083840892188107979E-15, -1.000000000000000000 ) ) ;
#705 = FACE_OUTER_BOUND ( 'NONE', #742, .T. ) ;
#706 = SURFACE_STYLE_USAGE ( .BOTH. , #1018 ) ;
#707 = AXIS2_PLACEMENT_3D ( 'NONE', #383, #798, #694 ) ;
#708 =( BOUNDED_SURFACE ( )  B_SPLINE_SURFACE ( 1, 3, ( 
 ( #875, #1095, #884, #367, #989, #553, #1188 ),
 ( #680, #778, #971, #485, #38, #44, #464 ) ),
 .UNSPECIFIED., .F., .F., .F. ) 
 B_SPLINE_SURFACE_WITH_KNOTS ( ( 2, 2 ),
 ( 4, 3, 4 ),
 ( 0.000000000000000000, 1.000000000000000000 ),
 ( 0.000000000000000000, 0.5000000000000000000, 1.000000000000000000 ),
 .UNSPECIFIED. ) 
 GEOMETRIC_REPRESENTATION_ITEM ( )  RATIONAL_B_SPLINE_SURFACE ( (
 ( 1.000000000000000000, 0.8047378540760220522, 0.8047378540760220522, 1.000000000000000000, 0.8047378540760220522, 0.8047378540760220522, 1.000000000000000000),
 ( 1.000000000000000000, 0.8047378540760220522, 0.8047378540760220522, 1.000000000000000000, 0.8047378540760220522, 0.8047378540760220522, 1.000000000000000000) ) ) 
 REPRESENTATION_ITEM ( '' )  SURFACE ( )  );
#709 = VECTOR ( 'NONE', #747, 39.37007874015748143 ) ;
#710 = DIRECTION ( 'NONE',  ( 0.000000000000000000, -1.000000000000000000, 0.000000000000000000 ) ) ;
#711 = COLOUR_RGB ( '',0.6470588235294117974, 0.5176470588235293491, 0.000000000000000000 ) ;
#712 = SURFACE_SIDE_STYLE ('',( #1231 ) ) ;
#713 = CARTESIAN_POINT ( 'NONE',  ( 0.02000000000000000389, -0.06300000000000001432, -0.03150000000000001410 ) ) ;
#714 = PRODUCT ( 'BIVAR__INC_SM1206UWC-IL', 'BIVAR__INC_SM1206UWC-IL', '', ( #1304 ) ) ;
#715 = EDGE_CURVE ( 'NONE', #737, #563, #1121, .T. ) ;
#716 = DIRECTION ( 'NONE',  ( 0.000000000000000000, 1.000000000000000000, 1.083840892188107979E-15 ) ) ;
#717 = CARTESIAN_POINT ( 'NONE',  ( 0.02000000000000000389, 0.06300000000000002820, 0.008000000000000001901 ) ) ;
#718 = DIRECTION ( 'NONE',  ( -0.000000000000000000, -0.000000000000000000, 1.000000000000000000 ) ) ;
#719 = CARTESIAN_POINT ( 'NONE',  ( -0.03433070866141731819, -0.03997400000000000259, 0.03034042622731942043 ) ) ;
#720 = CARTESIAN_POINT ( 'NONE',  ( 0.000000000000000000, -0.04013962248715442077, -0.008000000000250005044 ) ) ;
#721 = EDGE_CURVE ( 'NONE', #873, #175, #83, .T. ) ;
#722 = FILL_AREA_STYLE_COLOUR ( '', #617 ) ;
#723 = CARTESIAN_POINT ( 'NONE',  ( -0.01220472440944881873, 0.03950000000000001427, -0.03150000000000001410 ) ) ;
#724 =( GEOMETRIC_REPRESENTATION_CONTEXT ( 3 ) GLOBAL_UNCERTAINTY_ASSIGNED_CONTEXT ( ( #1300 ) ) GLOBAL_UNIT_ASSIGNED_CONTEXT ( ( #813, #1005, #1333 ) ) REPRESENTATION_CONTEXT ( 'NONE', 'WORKASPACE' ) );
#725 = MANIFOLD_SOLID_BREP ( 'Boss-Extrude1[2]', #159 ) ;
#726 = ORIENTED_EDGE ( 'NONE', *, *, #342, .T. ) ;
#727 = FACE_OUTER_BOUND ( 'NONE', #14, .T. ) ;
#728 = SURFACE_STYLE_USAGE ( .BOTH. , #852 ) ;
#729 = CARTESIAN_POINT ( 'NONE',  ( 0.02078740157480315695, -0.03937007874015747977, 0.02953149606299215052 ) ) ;
#730 = FILL_AREA_STYLE ('',( #1252 ) ) ;
#731 = VECTOR ( 'NONE', #1242, 39.37007874015748143 ) ;
#732 = ADVANCED_FACE ( 'NONE', ( #421 ), #1215, .F. ) ;
#733 = ORIENTED_EDGE ( 'NONE', *, *, #1073, .F. ) ;
#734 = LINE ( 'NONE', #90, #147 ) ;
#735 = VECTOR ( 'NONE', #1024, 39.37007874015748143 ) ;
#736 = FILL_AREA_STYLE_COLOUR ( '', #956 ) ;
#737 = VERTEX_POINT ( 'NONE', #23 ) ;
#738 = LENGTH_MEASURE_WITH_UNIT ( LENGTH_MEASURE( 0.02539999999999999897 ), #415 );
#739 = DIRECTION ( 'NONE',  ( -0.000000000000000000, -2.890820350581265592E-16, 1.000000000000000000 ) ) ;
#740 = DIRECTION ( 'NONE',  ( 0.000000000000000000, 1.000000000000000000, -3.964900978187986025E-16 ) ) ;
#741 = MANIFOLD_SOLID_BREP ( 'Cut-Extrude2', #1178 ) ;
#742 = EDGE_LOOP ( 'NONE', ( #636, #541, #21, #1312, #647, #771 ) ) ;
#743 = EDGE_CURVE ( 'NONE', #137, #883, #940, .T. ) ;
#744 = VECTOR ( 'NONE', #888, 39.37007874015748143 ) ;
#745 = DIRECTION ( 'NONE',  ( -0.000000000000000000, 7.225605947920713940E-16, 1.000000000000000000 ) ) ;
#746 = CARTESIAN_POINT ( 'NONE',  ( 0.02000000000000000389, 0.06300000000000002820, -0.008000000000000001901 ) ) ;
#747 = DIRECTION ( 'NONE',  ( -1.000000000000000000, -0.000000000000000000, -0.000000000000000000 ) ) ;
#748 = CARTESIAN_POINT ( 'NONE',  ( 0.02000000000000000389, 0.06300000000000002820, 0.008000000000250001575 ) ) ;
#749 = ORIENTED_EDGE ( 'NONE', *, *, #1204, .F. ) ;
#750 = DIRECTION ( 'NONE',  ( -0.000000000000000000, -1.000000000000000000, -0.000000000000000000 ) ) ;
#751 = AXIS2_PLACEMENT_3D ( 'NONE', #501, #192, #998 ) ;
#752 = VERTEX_POINT ( 'NONE', #848 ) ;
#753 = CARTESIAN_POINT ( 'NONE',  ( 0.000000000000000000, -0.06300000000000002820, 0.03150000000000001410 ) ) ;
#754 = MECHANICAL_DESIGN_GEOMETRIC_PRESENTATION_REPRESENTATION (  '', ( #412 ), #61 ) ;
#755 = VECTOR ( 'NONE', #923, 39.37007874015748143 ) ;
#756 = VERTEX_POINT ( 'NONE', #947 ) ;
#757 = MECHANICAL_DESIGN_GEOMETRIC_PRESENTATION_REPRESENTATION (  '', ( #182 ), #128 ) ;
#758 = COLOUR_RGB ( '',0.6470588235294117974, 0.5176470588235293491, 0.000000000000000000 ) ;
#759 = DIRECTION ( 'NONE',  ( -0.000000000000000000, 0.000000000000000000, 1.000000000000000000 ) ) ;
#760 = EDGE_CURVE ( 'NONE', #227, #770, #1238, .T. ) ;
#761 = CARTESIAN_POINT ( 'NONE',  ( 0.02078740157480315695, -0.06300000000000001432, -0.008000000000250003310 ) ) ;
#762 = ORIENTED_EDGE ( 'NONE', *, *, #630, .T. ) ;
#763 = FACE_OUTER_BOUND ( 'NONE', #895, .T. ) ;
#764 = CARTESIAN_POINT ( 'NONE',  ( 0.01999999999999999001, -0.05500000000000002109, 0.004686292000000002490 ) ) ;
#765 = FILL_AREA_STYLE ('',( #249 ) ) ;
#766 = EDGE_LOOP ( 'NONE', ( #1032, #229, #131, #241 ) ) ;
#767 = VERTEX_POINT ( 'NONE', #123 ) ;
#768 = SURFACE_STYLE_USAGE ( .BOTH. , #358 ) ;
#769 = LINE ( 'NONE', #245, #1313 ) ;
#770 = VERTEX_POINT ( 'NONE', #933 ) ;
#771 = ORIENTED_EDGE ( 'NONE', *, *, #578, .F. ) ;
#772 = DIMENSIONAL_EXPONENTS ( 1.000000000000000000, 0.000000000000000000, 0.000000000000000000, 0.000000000000000000, 0.000000000000000000, 0.000000000000000000, 0.000000000000000000 ) ;
#773 = LENGTH_MEASURE_WITH_UNIT ( LENGTH_MEASURE( 0.02539999999999999897 ), #849 );
#774 = DIRECTION ( 'NONE',  ( -1.000000000000000000, -0.000000000000000000, -0.000000000000000000 ) ) ;
#775 = ORIENTED_EDGE ( 'NONE', *, *, #154, .F. ) ;
#776 = ADVANCED_FACE ( 'NONE', ( #1258 ), #1164, .F. ) ;
#777 = PRESENTATION_STYLE_ASSIGNMENT (( #768 ) ) ;
#778 = CARTESIAN_POINT ( 'NONE',  ( 0.000000000000000000, -0.05831370800000003352, 0.008000000000000003636 ) ) ;
#779 = EDGE_LOOP ( 'NONE', ( #236, #882, #246, #762, #885, #1286 ) ) ;
#780 = PRESENTATION_STYLE_ASSIGNMENT (( #74 ) ) ;
#781 = ORIENTED_EDGE ( 'NONE', *, *, #1206, .F. ) ;
#782 = DIRECTION ( 'NONE',  ( 0.000000000000000000, -0.000000000000000000, 1.000000000000000000 ) ) ;
#783 = DIMENSIONAL_EXPONENTS ( 1.000000000000000000, 0.000000000000000000, 0.000000000000000000, 0.000000000000000000, 0.000000000000000000, 0.000000000000000000, 0.000000000000000000 ) ;
#784 = SURFACE_SIDE_STYLE ('',( #805 ) ) ;
#785 = UNCERTAINTY_MEASURE_WITH_UNIT (LENGTH_MEASURE( 1.000000000000000082E-05 ), #1308, 'distance_accuracy_value', 'NONE');
#786 = ADVANCED_FACE ( 'NONE', ( #459 ), #1270, .F. ) ;
#787 = ORIENTED_EDGE ( 'NONE', *, *, #1161, .F. ) ;
#788 = ORIENTED_EDGE ( 'NONE', *, *, #97, .T. ) ;
#789 = ORIENTED_EDGE ( 'NONE', *, *, #1301, .F. ) ;
#790 = AXIS2_PLACEMENT_3D ( 'NONE', #1115, #323, #450 ) ;
#791 = CARTESIAN_POINT ( 'NONE',  ( 0.02078740157480315695, -0.06300000000000001432, 0.02953149606299212623 ) ) ;
#792 = SHAPE_DEFINITION_REPRESENTATION ( #604, #936 ) ;
#793 =( LENGTH_UNIT ( ) NAMED_UNIT ( * ) SI_UNIT ( $, .METRE. ) );
#794 = DIRECTION ( 'NONE',  ( 0.000000000000000000, -0.000000000000000000, 1.000000000000000000 ) ) ;
#795 = CARTESIAN_POINT ( 'NONE',  ( 0.000000000000000000, 0.06300000000000002820, -0.03150000000000001410 ) ) ;
#796 = ADVANCED_FACE ( 'NONE', ( #1199 ), #1174, .T. ) ;
#797 = VECTOR ( 'NONE', #201, 39.37007874015748143 ) ;
#798 = DIRECTION ( 'NONE',  ( -1.000000000000000000, -0.000000000000000000, -0.000000000000000000 ) ) ;
#799 = LENGTH_MEASURE_WITH_UNIT ( LENGTH_MEASURE( 0.02539999999999999897 ), #916 );
#800 = PRESENTATION_LAYER_ASSIGNMENT (  '', '', ( #256 ) ) ;
#801 = STYLED_ITEM ( 'NONE', ( #549 ), #796 ) ;
#802 = CARTESIAN_POINT ( 'NONE',  ( 0.02000000000000000389, 0.06299999999848411580, 1.249991197601004360E-13 ) ) ;
#803 = ADVANCED_FACE ( 'NONE', ( #453 ), #993, .T. ) ;
#804 = SURFACE_SIDE_STYLE ('',( #88 ) ) ;
#805 = SURFACE_STYLE_FILL_AREA ( #396 ) ;
#806 = PRESENTATION_STYLE_ASSIGNMENT (( #706 ) ) ;
#807 = DIRECTION ( 'NONE',  ( 0.000000000000000000, 0.000000000000000000, 1.000000000000000000 ) ) ;
#808 = SURFACE_STYLE_USAGE ( .BOTH. , #917 ) ;
#809 = DIRECTION ( 'NONE',  ( 0.000000000000000000, 0.000000000000000000, -1.000000000000000000 ) ) ;
#810 = FILL_AREA_STYLE ('',( #832 ) ) ;
#811 = EDGE_CURVE ( 'NONE', #468, #445, #48, .T. ) ;
#812 = ADVANCED_FACE ( 'NONE', ( #60 ), #373, .F. ) ;
#813 =( CONVERSION_BASED_UNIT ( 'INCH', #198 ) LENGTH_UNIT ( ) NAMED_UNIT ( #262 ) );
#814 =( LENGTH_UNIT ( ) NAMED_UNIT ( * ) SI_UNIT ( $, .METRE. ) );
#815 = VECTOR ( 'NONE', #78, 39.37007874015748143 ) ;
#816 = CARTESIAN_POINT ( 'NONE',  ( 0.02000000000000000389, 0.06300000000000002820, -0.008000000000000001901 ) ) ;
#817 =( GEOMETRIC_REPRESENTATION_CONTEXT ( 3 ) GLOBAL_UNCERTAINTY_ASSIGNED_CONTEXT ( ( #626 ) ) GLOBAL_UNIT_ASSIGNED_CONTEXT ( ( #484, #899, #274 ) ) REPRESENTATION_CONTEXT ( 'NONE', 'WORKASPACE' ) );
#818 =( LENGTH_UNIT ( ) NAMED_UNIT ( * ) SI_UNIT ( $, .METRE. ) );
#819 = CARTESIAN_POINT ( 'NONE',  ( -0.01220472440944881873, 0.03950000000000001427, -0.03187800000000001049 ) ) ;
#820 = ADVANCED_FACE ( 'NONE', ( #478 ), #983, .T. ) ;
#821 =( NAMED_UNIT ( * ) SI_UNIT ( $, .STERADIAN. ) SOLID_ANGLE_UNIT ( ) );
#822 = LINE ( 'NONE', #723, #532 ) ;
#823 = CARTESIAN_POINT ( 'NONE',  ( 0.000000000000000000, 0.06300000000000002820, 0.03150000000000001410 ) ) ;
#824 = CARTESIAN_POINT ( 'NONE',  ( -0.03433070866141730432, 0.03834042632973945486, -0.03187800000000001049 ) ) ;
#825 = VECTOR ( 'NONE', #1175, 39.37007874015748143 ) ;
#826 = VERTEX_POINT ( 'NONE', #1008 ) ;
#827 = DIRECTION ( 'NONE',  ( -0.9986295348225961988, 0.05233595494500158096, 0.000000000000000000 ) ) ;
#828 = ADVANCED_FACE ( 'NONE', ( #1316 ), #76, .F. ) ;
#829 = FILL_AREA_STYLE ('',( #100 ) ) ;
#830 = DIRECTION ( 'NONE',  ( -0.000000000000000000, 1.982450489093989709E-15, 1.000000000000000000 ) ) ;
#831 = SURFACE_STYLE_USAGE ( .BOTH. , #842 ) ;
#832 = FILL_AREA_STYLE_COLOUR ( '', #150 ) ;
#833 = ORIENTED_EDGE ( 'NONE', *, *, #587, .T. ) ;
#834 = LINE ( 'NONE', #621, #912 ) ;
#835 = STYLED_ITEM ( 'NONE', ( #780 ), #1176 ) ;
#836 = CARTESIAN_POINT ( 'NONE',  ( 0.02000000000000000389, -0.06300000000000001432, -0.008000000000250005044 ) ) ;
#837 = ORIENTED_EDGE ( 'NONE', *, *, #984, .T. ) ;
#838 = PRESENTATION_LAYER_ASSIGNMENT (  '', '', ( #216 ) ) ;
#839 =( NAMED_UNIT ( * ) PLANE_ANGLE_UNIT ( ) SI_UNIT ( $, .RADIAN. ) );
#840 = CARTESIAN_POINT ( 'NONE',  ( 0.02078740157480315695, -0.03937007874015747977, 0.02953149606299215052 ) ) ;
#841 = AXIS2_PLACEMENT_3D ( 'NONE', #576, #759, #35 ) ;
#842 = SURFACE_SIDE_STYLE ('',( #423 ) ) ;
#843 = CARTESIAN_POINT ( 'NONE',  ( 0.000000000000000000, -0.06299999999999755795, -0.008000000000000001901 ) ) ;
#844 = EDGE_CURVE ( 'NONE', #756, #465, #187, .T. ) ;
#845 = VERTEX_POINT ( 'NONE', #277 ) ;
#846 = CARTESIAN_POINT ( 'NONE',  ( 0.02000000000000000389, -0.03937007874015747977, 0.02953149606299215052 ) ) ;
#847 = CARTESIAN_POINT ( 'NONE',  ( 0.02000000000000000389, 0.03937007874015747977, 0.02953149606299212970 ) ) ;
#848 = CARTESIAN_POINT ( 'NONE',  ( 4.268512490100411279E-18, -0.04013962248715442077, -0.03150000000000001410 ) ) ;
#849 =( LENGTH_UNIT ( ) NAMED_UNIT ( * ) SI_UNIT ( $, .METRE. ) );
#850 = VERTEX_POINT ( 'NONE', #496 ) ;
#851 = PRESENTATION_LAYER_ASSIGNMENT (  '', '', ( #420 ) ) ;
#852 = SURFACE_SIDE_STYLE ('',( #615 ) ) ;
#853 = ORIENTED_EDGE ( 'NONE', *, *, #1301, .T. ) ;
#854 = ORIENTED_EDGE ( 'NONE', *, *, #1214, .T. ) ;
#855 = PLANE ( 'NONE',  #259 ) ;
#856 = EDGE_CURVE ( 'NONE', #445, #1279, #502, .T. ) ;
#857 = VECTOR ( 'NONE', #4, 39.37007874015748143 ) ;
#858 = ORIENTED_EDGE ( 'NONE', *, *, #1214, .F. ) ;
#859 =( NAMED_UNIT ( * ) SI_UNIT ( $, .STERADIAN. ) SOLID_ANGLE_UNIT ( ) );
#860 =( GEOMETRIC_REPRESENTATION_CONTEXT ( 3 ) GLOBAL_UNCERTAINTY_ASSIGNED_CONTEXT ( ( #1318 ) ) GLOBAL_UNIT_ASSIGNED_CONTEXT ( ( #270, #40, #859 ) ) REPRESENTATION_CONTEXT ( 'NONE', 'WORKASPACE' ) );
#861 = UNCERTAINTY_MEASURE_WITH_UNIT (LENGTH_MEASURE( 1.000000000000000082E-05 ), #1294, 'distance_accuracy_value', 'NONE');
#862 = ORIENTED_EDGE ( 'NONE', *, *, #356, .T. ) ;
#863 = FILL_AREA_STYLE ('',( #446 ) ) ;
#864 = ORIENTED_EDGE ( 'NONE', *, *, #1224, .T. ) ;
#865 = CARTESIAN_POINT ( 'NONE',  ( 0.000000000000000000, 0.06300000000000002820, -0.008000000000000001901 ) ) ;
#866 = CARTESIAN_POINT ( 'NONE',  ( 0.01999999999999999001, -0.05500000000000002109, -0.004686292000000002490 ) ) ;
#867 = ORIENTED_EDGE ( 'NONE', *, *, #508, .F. ) ;
#868 = ORIENTED_EDGE ( 'NONE', *, *, #521, .F. ) ;
#869 = DIRECTION ( 'NONE',  ( -0.05233595494500158096, -0.9986295348225961988, 0.000000000000000000 ) ) ;
#870 = ORIENTED_EDGE ( 'NONE', *, *, #310, .T. ) ;
#871 = ORIENTED_EDGE ( 'NONE', *, *, #760, .T. ) ;
#872 = DIRECTION ( 'NONE',  ( -1.000000000000000000, -0.000000000000000000, 0.000000000000000000 ) ) ;
#873 = VERTEX_POINT ( 'NONE', #281 ) ;
#874 = DIRECTION ( 'NONE',  ( -0.000000000000000000, -2.890820350581265592E-16, 1.000000000000000000 ) ) ;
#875 = CARTESIAN_POINT ( 'NONE',  ( 0.02000000000000000389, -0.06300000000000002820, 0.008000000000000001901 ) ) ;
#876 = DIRECTION ( 'NONE',  ( 0.000000000000000000, 3.964900978187986025E-16, 1.000000000000000000 ) ) ;
#877 = CARTESIAN_POINT ( 'NONE',  ( -0.03236173240944882623, -0.03844361600000001378, -0.03187800000000001049 ) ) ;
#878 = EDGE_LOOP ( 'NONE', ( #775, #862, #543, #261 ) ) ;
#879 = EDGE_CURVE ( 'NONE', #134, #1048, #218, .T. ) ;
#880 = EDGE_CURVE ( 'NONE', #752, #669, #603, .T. ) ;
#881 = CARTESIAN_POINT ( 'NONE',  ( -0.03236173240944882623, 0.03844361600000001378, 0.03044361594427513404 ) ) ;
#882 = ORIENTED_EDGE ( 'NONE', *, *, #879, .T. ) ;
#883 = VERTEX_POINT ( 'NONE', #120 ) ;
#884 = CARTESIAN_POINT ( 'NONE',  ( 0.02000000000000000389, -0.05500000000000002109, 0.004686292000000001623 ) ) ;
#885 = ORIENTED_EDGE ( 'NONE', *, *, #1204, .T. ) ;
#886 = CARTESIAN_POINT ( 'NONE',  ( 0.02078740157480315695, 0.06300000000000002820, -0.008000000000000001901 ) ) ;
#887 = SURFACE_SIDE_STYLE ('',( #1182 ) ) ;
#888 = DIRECTION ( 'NONE',  ( 1.000000000000000000, 0.000000000000000000, 0.000000000000000000 ) ) ;
#889 = EDGE_CURVE ( 'NONE', #45, #686, #967, .T. ) ;
#890 = CARTESIAN_POINT ( 'NONE',  ( 4.268512490100411279E-18, -0.04013962248715442077, 0.03150000000000001410 ) ) ;
#891 = PRESENTATION_LAYER_ASSIGNMENT (  '', '', ( #412 ) ) ;
#892 = VECTOR ( 'NONE', #809, 39.37007874015748143 ) ;
#893 = VECTOR ( 'NONE', #1220, 39.37007874015748143 ) ;
#894 = LINE ( 'NONE', #1305, #1066 ) ;
#895 = EDGE_LOOP ( 'NONE', ( #663, #788, #348, #223, #1100, #864 ) ) ;
#896 = LINE ( 'NONE', #1105, #744 ) ;
#897 = AXIS2_PLACEMENT_3D ( 'NONE', #1097, #740, #876 ) ;
#898 = CARTESIAN_POINT ( 'NONE',  ( 0.02000000000000000389, 0.06300000000000002820, 0.03150000000000001410 ) ) ;
#899 =( NAMED_UNIT ( * ) PLANE_ANGLE_UNIT ( ) SI_UNIT ( $, .RADIAN. ) );
#900 = PRESENTATION_STYLE_ASSIGNMENT (( #997 ) ) ;
#901 =( CONVERSION_BASED_UNIT ( 'INCH', #366 ) LENGTH_UNIT ( ) NAMED_UNIT ( #1319 ) );
#902 = PLANE ( 'NONE',  #584 ) ;
#903 = MECHANICAL_DESIGN_GEOMETRIC_PRESENTATION_REPRESENTATION (  '', ( #1332 ), #204 ) ;
#904 = DIRECTION ( 'NONE',  ( 0.000000000000000000, 0.000000000000000000, -1.000000000000000000 ) ) ;
#905 = CARTESIAN_POINT ( 'NONE',  ( 0.02078740157480315695, 0.03937007874015747977, 0.02953149606299212970 ) ) ;
#906 = EDGE_CURVE ( 'NONE', #175, #681, #1236, .T. ) ;
#907 = CARTESIAN_POINT ( 'NONE',  ( 0.02078740157480315695, -0.06300000000012426216, -1.249985861960391921E-13 ) ) ;
#908 = MECHANICAL_DESIGN_GEOMETRIC_PRESENTATION_REPRESENTATION (  '', ( #835 ), #212 ) ;
#909 = CARTESIAN_POINT ( 'NONE',  ( 0.000000000000000000, 0.04013962248715442077, -0.03150000000000001410 ) ) ;
#910 =( NAMED_UNIT ( * ) PLANE_ANGLE_UNIT ( ) SI_UNIT ( $, .RADIAN. ) );
#911 = FACE_OUTER_BOUND ( 'NONE', #634, .T. ) ;
#912 = VECTOR ( 'NONE', #308, 39.37007874015748143 ) ;
#913 = SURFACE_STYLE_USAGE ( .BOTH. , #804 ) ;
#914 = DIRECTION ( 'NONE',  ( 0.000000000000000000, 1.000000000000000000, 0.000000000000000000 ) ) ;
#915 = LENGTH_MEASURE_WITH_UNIT ( LENGTH_MEASURE( 0.02539999999999999897 ), #1327 );
#916 =( LENGTH_UNIT ( ) NAMED_UNIT ( * ) SI_UNIT ( $, .METRE. ) );
#917 = SURFACE_SIDE_STYLE ('',( #600 ) ) ;
#918 = VECTOR ( 'NONE', #284, 39.37007874015748143 ) ;
#919 = CARTESIAN_POINT ( 'NONE',  ( 0.02078740157480315695, 0.06299999999848411580, 1.249991197601004360E-13 ) ) ;
#920 = PLANE ( 'NONE',  #987 ) ;
#921 = EDGE_CURVE ( 'NONE', #883, #826, #419, .T. ) ;
#922 =( NAMED_UNIT ( * ) SI_UNIT ( $, .STERADIAN. ) SOLID_ANGLE_UNIT ( ) );
#923 = DIRECTION ( 'NONE',  ( -1.000000000000000000, -0.000000000000000000, -0.000000000000000000 ) ) ;
#924 = LENGTH_MEASURE_WITH_UNIT ( LENGTH_MEASURE( 0.02539999999999999897 ), #498 );
#925 = EDGE_CURVE ( 'NONE', #752, #676, #314, .T. ) ;
#926 = VECTOR ( 'NONE', #1002, 39.37007874015748143 ) ;
#927 = STYLED_ITEM ( 'NONE', ( #362 ), #820 ) ;
#928 = LINE ( 'NONE', #514, #363 ) ;
#929 = LINE ( 'NONE', #719, #558 ) ;
#930 = STYLED_ITEM ( 'NONE', ( #1321 ), #483 ) ;
#931 = ORIENTED_EDGE ( 'NONE', *, *, #972, .T. ) ;
#932 = CARTESIAN_POINT ( 'NONE',  ( 0.000000000000000000, 0.06300000000000001432, -0.03150000000000001410 ) ) ;
#933 = CARTESIAN_POINT ( 'NONE',  ( 0.02000000000000000389, -0.06300000000000001432, -0.02953149606299212623 ) ) ;
#934 = DIRECTION ( 'NONE',  ( 0.000000000000000000, 1.000000000000000000, 0.000000000000000000 ) ) ;
#935 = ORIENTED_EDGE ( 'NONE', *, *, #961, .T. ) ;
#936 = ADVANCED_BREP_SHAPE_REPRESENTATION ( 'BIVAR__INC_SM1206UWC-IL', ( #290, #292, #725, #741, #580 ), #1290 ) ;
#937 = SURFACE_STYLE_USAGE ( .BOTH. , #526 ) ;
#938 = CARTESIAN_POINT ( 'NONE',  ( 0.02000000000000000389, -0.06300000000000001432, 0.02953149606299212623 ) ) ;
#939 = EDGE_CURVE ( 'NONE', #752, #845, #734, .T. ) ;
#940 = LINE ( 'NONE', #1058, #233 ) ;
#941 = CARTESIAN_POINT ( 'NONE',  ( 0.01000000000000000194, 0.06300000000000002820, -0.008000000000000001901 ) ) ;
#942 =( NAMED_UNIT ( * ) PLANE_ANGLE_UNIT ( ) SI_UNIT ( $, .RADIAN. ) );
#943 = UNCERTAINTY_MEASURE_WITH_UNIT (LENGTH_MEASURE( 1.000000000000000082E-05 ), #179, 'distance_accuracy_value', 'NONE');
#944 = ORIENTED_EDGE ( 'NONE', *, *, #1311, .F. ) ;
#945 = CARTESIAN_POINT ( 'NONE',  ( 0.02078740157480315695, -0.06300000000000001432, -0.02953149606299212623 ) ) ;
#946 = PRESENTATION_LAYER_ASSIGNMENT (  '', '', ( #431 ) ) ;
#947 = CARTESIAN_POINT ( 'NONE',  ( 0.000000000000000000, 0.06300000000000002820, 0.008000000000000001901 ) ) ;
#948 = AXIS2_PLACEMENT_3D ( 'NONE', #819, #1139, #1132 ) ;
#949 = SURFACE_STYLE_USAGE ( .BOTH. , #19 ) ;
#950 = AXIS2_PLACEMENT_3D ( 'NONE', #539, #952, #962 ) ;
#951 = ORIENTED_EDGE ( 'NONE', *, *, #336, .T. ) ;
#952 = DIRECTION ( 'NONE',  ( 1.000000000000000000, -0.000000000000000000, 1.022548280917249876E-16 ) ) ;
#953 =( NAMED_UNIT ( * ) SI_UNIT ( $, .STERADIAN. ) SOLID_ANGLE_UNIT ( ) );
#954 = ADVANCED_FACE ( 'NONE', ( #727 ), #409, .T. ) ;
#955 = EDGE_LOOP ( 'NONE', ( #148, #789, #442, #1264 ) ) ;
#956 = COLOUR_RGB ( '',0.6470588235294117974, 0.5176470588235293491, 0.000000000000000000 ) ;
#957 = CARTESIAN_POINT ( 'NONE',  ( 0.000000000000000000, -0.06300000000000002820, -0.03150000000000001410 ) ) ;
#958 = ORIENTED_EDGE ( 'NONE', *, *, #760, .F. ) ;
#959 = FILL_AREA_STYLE_COLOUR ( '', #477 ) ;
#960 = ORIENTED_EDGE ( 'NONE', *, *, #95, .F. ) ;
#961 = EDGE_CURVE ( 'NONE', #1048, #564, #1143, .T. ) ;
#962 = DIRECTION ( 'NONE',  ( 1.022548280917249876E-16, 0.000000000000000000, -1.000000000000000000 ) ) ;
#963 = CARTESIAN_POINT ( 'NONE',  ( 0.02000000000000000736, 0.04700000000000001399, -0.008000000000000001901 ) ) ;
#964 = CARTESIAN_POINT ( 'NONE',  ( 0.02000000000000000389, -0.06300000000000001432, -0.008000000000250005044 ) ) ;
#965 = VERTEX_POINT ( 'NONE', #713 ) ;
#966 = VERTEX_POINT ( 'NONE', #219 ) ;
#967 = CIRCLE ( 'NONE', #395, 0.008000000000125000871 ) ;
#968 = UNCERTAINTY_MEASURE_WITH_UNIT (LENGTH_MEASURE( 1.000000000000000082E-05 ), #901, 'distance_accuracy_value', 'NONE');
#969 = CARTESIAN_POINT ( 'NONE',  ( 0.02078740157480315695, -0.06300000000000001432, -0.008000000000250003310 ) ) ;
#970 = ORIENTED_EDGE ( 'NONE', *, *, #1340, .T. ) ;
#971 = CARTESIAN_POINT ( 'NONE',  ( 0.000000000000000000, -0.05500000000000002109, 0.004686292000000001623 ) ) ;
#972 = EDGE_CURVE ( 'NONE', #46, #965, #211, .T. ) ;
#973 = VERTEX_POINT ( 'NONE', #1033 ) ;
#974 = PLANE ( 'NONE',  #1052 ) ;
#975 = SURFACE_SIDE_STYLE ('',( #1208 ) ) ;
#976 = ORIENTED_EDGE ( 'NONE', *, *, #356, .F. ) ;
#977 = DIRECTION ( 'NONE',  ( 0.000000000000000000, -1.000000000000000000, 0.000000000000000000 ) ) ;
#978 = DIMENSIONAL_EXPONENTS ( 1.000000000000000000, 0.000000000000000000, 0.000000000000000000, 0.000000000000000000, 0.000000000000000000, 0.000000000000000000, 0.000000000000000000 ) ;
#979 =( GEOMETRIC_REPRESENTATION_CONTEXT ( 3 ) GLOBAL_UNCERTAINTY_ASSIGNED_CONTEXT ( ( #1177 ) ) GLOBAL_UNIT_ASSIGNED_CONTEXT ( ( #352, #910, #1126 ) ) REPRESENTATION_CONTEXT ( 'NONE', 'WORKASPACE' ) );
#980 = DIRECTION ( 'NONE',  ( -1.000000000000000000, -0.000000000000000000, -0.000000000000000000 ) ) ;
#981 = ORIENTED_EDGE ( 'NONE', *, *, #1281, .T. ) ;
#982 = CARTESIAN_POINT ( 'NONE',  ( 0.000000000000000000, -0.05500000000000002109, 0.004686292000000002490 ) ) ;
#983 = PLANE ( 'NONE',  #36 ) ;
#984 = EDGE_CURVE ( 'NONE', #1087, #627, #834, .T. ) ;
#985 = CARTESIAN_POINT ( 'NONE',  ( -0.03236173240944882623, -0.03844361600000001378, 0.03150000000000001410 ) ) ;
#986 = ORIENTED_EDGE ( 'NONE', *, *, #1184, .F. ) ;
#987 = AXIS2_PLACEMENT_3D ( 'NONE', #1198, #1287, #1153 ) ;
#988 = FILL_AREA_STYLE_COLOUR ( '', #64 ) ;
#989 = CARTESIAN_POINT ( 'NONE',  ( 0.02000000000000000389, -0.05500000000000002109, -0.004686292000000001623 ) ) ;
#990 =( NAMED_UNIT ( * ) PLANE_ANGLE_UNIT ( ) SI_UNIT ( $, .RADIAN. ) );
#991 = ORIENTED_EDGE ( 'NONE', *, *, #121, .T. ) ;
#992 = FACE_OUTER_BOUND ( 'NONE', #426, .T. ) ;
#993 = PLANE ( 'NONE',  #283 ) ;
#994 = PRESENTATION_LAYER_ASSIGNMENT (  '', '', ( #480 ) ) ;
#995 = FACE_OUTER_BOUND ( 'NONE', #338, .T. ) ;
#996 = MECHANICAL_DESIGN_GEOMETRIC_PRESENTATION_REPRESENTATION (  '', ( #216 ), #1107 ) ;
#997 = SURFACE_STYLE_USAGE ( .BOTH. , #583 ) ;
#998 = DIRECTION ( 'NONE',  ( 0.000000000000000000, 1.000000000000000000, -1.625761338282161869E-15 ) ) ;
#999 = LENGTH_MEASURE_WITH_UNIT ( LENGTH_MEASURE( 0.02539999999999999897 ), #393 );
#1000 = AXIS2_PLACEMENT_3D ( 'NONE', #89, #6, #96 ) ;
#1001 = DIRECTION ( 'NONE',  ( 0.000000000000000000, 0.000000000000000000, 1.000000000000000000 ) ) ;
#1002 = DIRECTION ( 'NONE',  ( -0.000000000000000000, -1.000000000000000000, -0.000000000000000000 ) ) ;
#1003 = EDGE_CURVE ( 'NONE', #850, #257, #113, .T. ) ;
#1004 = ORIENTED_EDGE ( 'NONE', *, *, #880, .T. ) ;
#1005 =( NAMED_UNIT ( * ) PLANE_ANGLE_UNIT ( ) SI_UNIT ( $, .RADIAN. ) );
#1006 = PLANE ( 'NONE',  #751 ) ;
#1007 =( NAMED_UNIT ( * ) PLANE_ANGLE_UNIT ( ) SI_UNIT ( $, .RADIAN. ) );
#1008 = CARTESIAN_POINT ( 'NONE',  ( 0.02000000000000000389, -0.06300000000000002820, 0.008000000000000001901 ) ) ;
#1009 = VECTOR ( 'NONE', #214, 39.37007874015748143 ) ;
#1010 = CARTESIAN_POINT ( 'NONE',  ( -0.03433070866251528713, -0.03834042632962437330, 0.03034042624826985626 ) ) ;
#1011 = DIRECTION ( 'NONE',  ( -0.9986295345809993451, 0.000000000000000000, 0.05233595955494407814 ) ) ;
#1012 =( NAMED_UNIT ( * ) PLANE_ANGLE_UNIT ( ) SI_UNIT ( $, .RADIAN. ) );
#1013 = DIRECTION ( 'NONE',  ( 0.000000000000000000, -1.000000000000000000, 1.625761338282161672E-15 ) ) ;
#1014 = VECTOR ( 'NONE', #110, 39.37007874015748143 ) ;
#1015 = LINE ( 'NONE', #1223, #180 ) ;
#1016 = LINE ( 'NONE', #1029, #735 ) ;
#1017 = AXIS2_PLACEMENT_3D ( 'NONE', #489, #704, #716 ) ;
#1018 = SURFACE_SIDE_STYLE ('',( #397 ) ) ;
#1019 = VECTOR ( 'NONE', #203, 39.37007874015748143 ) ;
#1020 =( LENGTH_UNIT ( ) NAMED_UNIT ( * ) SI_UNIT ( $, .METRE. ) );
#1021 = MECHANICAL_DESIGN_GEOMETRIC_PRESENTATION_REPRESENTATION (  '', ( #1192 ), #1298 ) ;
#1022 = PRODUCT_RELATED_PRODUCT_CATEGORY ( 'part', '', ( #714 ) ) ;
#1023 = ADVANCED_FACE ( 'NONE', ( #1155 ), #3, .F. ) ;
#1024 = DIRECTION ( 'NONE',  ( -0.000000000000000000, 1.982450489093989709E-15, 1.000000000000000000 ) ) ;
#1025 =( CONVERSION_BASED_UNIT ( 'INCH', #297 ) LENGTH_UNIT ( ) NAMED_UNIT ( #659 ) );
#1026 = EDGE_CURVE ( 'NONE', #965, #850, #1255, .T. ) ;
#1027 = DIRECTION ( 'NONE',  ( -1.000000000000000000, -0.000000000000000000, -0.000000000000000000 ) ) ;
#1028 = VECTOR ( 'NONE', #718, 39.37007874015748143 ) ;
#1029 = CARTESIAN_POINT ( 'NONE',  ( 0.02000000000000000389, 0.06300000000000002820, -0.008000000000000001901 ) ) ;
#1030 = CARTESIAN_POINT ( 'NONE',  ( 0.000000000000000000, 0.04700000000000001399, 0.008000000000000001901 ) ) ;
#1031 = ADVANCED_FACE ( 'NONE', ( #763 ), #855, .F. ) ;
#1032 = ORIENTED_EDGE ( 'NONE', *, *, #715, .F. ) ;
#1033 = CARTESIAN_POINT ( 'NONE',  ( 0.02000000000000000389, 0.06300000000000002820, -0.008000000000000001901 ) ) ;
#1034 = COLOUR_RGB ( '',0.6470588235294117974, 0.5176470588235293491, 0.000000000000000000 ) ;
#1035 = COLOUR_RGB ( '',0.6470588235294117974, 0.5176470588235293491, 0.000000000000000000 ) ;
#1036 = PRESENTATION_STYLE_ASSIGNMENT (( #728 ) ) ;
#1037 = LINE ( 'NONE', #1137, #1014 ) ;
#1038 =( NAMED_UNIT ( * ) PLANE_ANGLE_UNIT ( ) SI_UNIT ( $, .RADIAN. ) );
#1039 = UNCERTAINTY_MEASURE_WITH_UNIT (LENGTH_MEASURE( 1.000000000000000082E-05 ), #1025, 'distance_accuracy_value', 'NONE');
#1040 = ORIENTED_EDGE ( 'NONE', *, *, #364, .T. ) ;
#1041 = EDGE_CURVE ( 'NONE', #468, #1159, #643, .T. ) ;
#1042 = CARTESIAN_POINT ( 'NONE',  ( 0.02000000000000000389, -0.06300000000000002820, 0.03150000000000001410 ) ) ;
#1043 = SURFACE_SIDE_STYLE ('',( #528 ) ) ;
#1044 = LINE ( 'NONE', #1244, #797 ) ;
#1045 = AXIS2_PLACEMENT_3D ( 'NONE', #178, #389, #75 ) ;
#1046 = SURFACE_STYLE_FILL_AREA ( #730 ) ;
#1047 = CIRCLE ( 'NONE', #790, 0.008000000000125000871 ) ;
#1048 = VERTEX_POINT ( 'NONE', #969 ) ;
#1049 = PRESENTATION_STYLE_ASSIGNMENT (( #937 ) ) ;
#1050 = VERTEX_POINT ( 'NONE', #846 ) ;
#1051 = CARTESIAN_POINT ( 'NONE',  ( 0.000000000000000000, -0.06300000000000002820, 0.03150000000000001410 ) ) ;
#1052 = AXIS2_PLACEMENT_3D ( 'NONE', #124, #118, #248 ) ;
#1053 = DIRECTION ( 'NONE',  ( -0.05233595955494407814, 0.000000000000000000, 0.9986295345809993451 ) ) ;
#1054 = ORIENTED_EDGE ( 'NONE', *, *, #224, .T. ) ;
#1055 = ORIENTED_EDGE ( 'NONE', *, *, #856, .F. ) ;
#1056 = ORIENTED_EDGE ( 'NONE', *, *, #715, .T. ) ;
#1057 = COLOUR_RGB ( '',0.6470588235294117974, 0.5176470588235293491, 0.000000000000000000 ) ;
#1058 = CARTESIAN_POINT ( 'NONE',  ( 0.000000000000000000, -0.06300000000000002820, 0.03150000000000001410 ) ) ;
#1059 = COLOUR_RGB ( '',0.6470588235294117974, 0.5176470588235293491, 0.000000000000000000 ) ;
#1060 = ORIENTED_EDGE ( 'NONE', *, *, #20, .F. ) ;
#1061 = PRESENTATION_STYLE_ASSIGNMENT (( #650 ) ) ;
#1062 = LINE ( 'NONE', #761, #678 ) ;
#1063 = EDGE_LOOP ( 'NONE', ( #380, #870, #475, #217 ) ) ;
#1064 = EDGE_CURVE ( 'NONE', #210, #686, #1074, .T. ) ;
#1065 = UNCERTAINTY_MEASURE_WITH_UNIT (LENGTH_MEASURE( 1.000000000000000082E-05 ), #288, 'distance_accuracy_value', 'NONE');
#1066 = VECTOR ( 'NONE', #378, 39.37007874015748143 ) ;
#1067 = CARTESIAN_POINT ( 'NONE',  ( 0.02000000000000000389, 0.06300000000000002820, 0.03150000000000001410 ) ) ;
#1068 = VERTEX_POINT ( 'NONE', #1160 ) ;
#1069 = DIRECTION ( 'NONE',  ( 0.000000000000000000, 0.000000000000000000, -1.000000000000000000 ) ) ;
#1070 = DIRECTION ( 'NONE',  ( -0.000000000000000000, -0.000000000000000000, 1.000000000000000000 ) ) ;
#1071 = ORIENTED_EDGE ( 'NONE', *, *, #319, .F. ) ;
#1072 =( GEOMETRIC_REPRESENTATION_CONTEXT ( 3 ) GLOBAL_UNCERTAINTY_ASSIGNED_CONTEXT ( ( #184 ) ) GLOBAL_UNIT_ASSIGNED_CONTEXT ( ( #695, #1117, #922 ) ) REPRESENTATION_CONTEXT ( 'NONE', 'WORKASPACE' ) );
#1073 = EDGE_CURVE ( 'NONE', #1102, #883, #228, .T. ) ;
#1074 = LINE ( 'NONE', #328, #1250 ) ;
#1075 =( LENGTH_UNIT ( ) NAMED_UNIT ( * ) SI_UNIT ( $, .METRE. ) );
#1076 = FACE_OUTER_BOUND ( 'NONE', #330, .T. ) ;
#1077 = ORIENTED_EDGE ( 'NONE', *, *, #1229, .T. ) ;
#1078 = PRESENTATION_STYLE_ASSIGNMENT (( #949 ) ) ;
#1079 = SURFACE_STYLE_USAGE ( .BOTH. , #887 ) ;
#1080 =( GEOMETRIC_REPRESENTATION_CONTEXT ( 3 ) GLOBAL_UNCERTAINTY_ASSIGNED_CONTEXT ( ( #943 ) ) GLOBAL_UNIT_ASSIGNED_CONTEXT ( ( #179, #390, #1120 ) ) REPRESENTATION_CONTEXT ( 'NONE', 'WORKASPACE' ) );
#1081 = MECHANICAL_DESIGN_GEOMETRIC_PRESENTATION_REPRESENTATION (  '', ( #341 ), #413 ) ;
#1082 = PRESENTATION_STYLE_ASSIGNMENT (( #1193 ) ) ;
#1083 = UNCERTAINTY_MEASURE_WITH_UNIT (LENGTH_MEASURE( 1.000000000000000082E-05 ), #272, 'distance_accuracy_value', 'NONE');
#1084 = ORIENTED_EDGE ( 'NONE', *, *, #597, .F. ) ;
#1085 = ADVANCED_FACE ( 'NONE', ( #242 ), #635, .F. ) ;
#1086 = CARTESIAN_POINT ( 'NONE',  ( 0.02000000000000000389, -0.06300000000000001432, -0.008000000000250003310 ) ) ;
#1087 = VERTEX_POINT ( 'NONE', #22 ) ;
#1088 = DIMENSIONAL_EXPONENTS ( 1.000000000000000000, 0.000000000000000000, 0.000000000000000000, 0.000000000000000000, 0.000000000000000000, 0.000000000000000000, 0.000000000000000000 ) ;
#1089 = CARTESIAN_POINT ( 'NONE',  ( 0.02000000000000000389, 0.06300000000000002820, 0.008000000000250001575 ) ) ;
#1090 = ORIENTED_EDGE ( 'NONE', *, *, #1124, .F. ) ;
#1091 = LENGTH_MEASURE_WITH_UNIT ( LENGTH_MEASURE( 0.02539999999999999897 ), #1200 );
#1092 = CYLINDRICAL_SURFACE ( 'NONE', #303, 0.008000000000125004340 ) ;
#1093 = EDGE_LOOP ( 'NONE', ( #42, #375, #673, #1189 ) ) ;
#1094 = STYLED_ITEM ( 'NONE', ( #79 ), #292 ) ;
#1095 = CARTESIAN_POINT ( 'NONE',  ( 0.02000000000000000389, -0.05831370800000003352, 0.008000000000000003636 ) ) ;
#1096 = FILL_AREA_STYLE ('',( #387 ) ) ;
#1097 = CARTESIAN_POINT ( 'NONE',  ( 0.02078740157480315695, -0.06300000000000001432, 0.02953149606299212623 ) ) ;
#1098 = DIRECTION ( 'NONE',  ( 0.000000000000000000, -0.000000000000000000, -1.000000000000000000 ) ) ;
#1099 = SURFACE_STYLE_FILL_AREA ( #275 ) ;
#1100 = ORIENTED_EDGE ( 'NONE', *, *, #1124, .T. ) ;
#1101 = SURFACE_STYLE_FILL_AREA ( #286 ) ;
#1102 = VERTEX_POINT ( 'NONE', #1067 ) ;
#1103 =( LENGTH_UNIT ( ) NAMED_UNIT ( * ) SI_UNIT ( $, .METRE. ) );
#1104 =( GEOMETRIC_REPRESENTATION_CONTEXT ( 3 ) GLOBAL_UNCERTAINTY_ASSIGNED_CONTEXT ( ( #454 ) ) GLOBAL_UNIT_ASSIGNED_CONTEXT ( ( #176, #1012, #703 ) ) REPRESENTATION_CONTEXT ( 'NONE', 'WORKASPACE' ) );
#1105 = CARTESIAN_POINT ( 'NONE',  ( 0.000000000000000000, 0.06300000000000002820, -0.03150000000000001410 ) ) ;
#1106 = CARTESIAN_POINT ( 'NONE',  ( 0.000000000000000000, 0.06300000000000002820, 0.03150000000000001410 ) ) ;
#1107 =( GEOMETRIC_REPRESENTATION_CONTEXT ( 3 ) GLOBAL_UNCERTAINTY_ASSIGNED_CONTEXT ( ( #1083 ) ) GLOBAL_UNIT_ASSIGNED_CONTEXT ( ( #272, #305, #605 ) ) REPRESENTATION_CONTEXT ( 'NONE', 'WORKASPACE' ) );
#1108 = STYLED_ITEM ( 'NONE', ( #1036 ), #776 ) ;
#1109 = DIRECTION ( 'NONE',  ( 0.000000000000000000, 0.000000000000000000, -1.000000000000000000 ) ) ;
#1110 =( CONVERSION_BASED_UNIT ( 'INCH', #688 ) LENGTH_UNIT ( ) NAMED_UNIT ( #1122 ) );
#1111 = LINE ( 'NONE', #589, #518 ) ;
#1112 = STYLED_ITEM ( 'NONE', ( #85 ), #402 ) ;
#1113 = DIRECTION ( 'NONE',  ( -1.000000000000000000, -0.000000000000000000, 0.000000000000000000 ) ) ;
#1114 =( CONVERSION_BASED_UNIT ( 'INCH', #924 ) LENGTH_UNIT ( ) NAMED_UNIT ( #469 ) );
#1115 = CARTESIAN_POINT ( 'NONE',  ( 0.02078740157480315695, 0.06299999999848411580, 1.249991197601004360E-13 ) ) ;
#1116 = LINE ( 'NONE', #881, #16 ) ;
#1117 =( NAMED_UNIT ( * ) PLANE_ANGLE_UNIT ( ) SI_UNIT ( $, .RADIAN. ) );
#1118 = PRESENTATION_STYLE_ASSIGNMENT (( #696 ) ) ;
#1119 = DIRECTION ( 'NONE',  ( 0.000000000000000000, -8.672461051743795297E-16, -1.000000000000000000 ) ) ;
#1120 =( NAMED_UNIT ( * ) SI_UNIT ( $, .STERADIAN. ) SOLID_ANGLE_UNIT ( ) );
#1121 = LINE ( 'NONE', #1128, #340 ) ;
#1122 = DIMENSIONAL_EXPONENTS ( 1.000000000000000000, 0.000000000000000000, 0.000000000000000000, 0.000000000000000000, 0.000000000000000000, 0.000000000000000000, 0.000000000000000000 ) ;
#1123 = LENGTH_MEASURE_WITH_UNIT ( LENGTH_MEASURE( 0.02539999999999999897 ), #818 );
#1124 = EDGE_CURVE ( 'NONE', #346, #58, #349, .T. ) ;
#1125 = EDGE_CURVE ( 'NONE', #620, #46, #1284, .T. ) ;
#1126 =( NAMED_UNIT ( * ) SI_UNIT ( $, .STERADIAN. ) SOLID_ANGLE_UNIT ( ) );
#1127 = SURFACE_STYLE_FILL_AREA ( #1096 ) ;
#1128 = CARTESIAN_POINT ( 'NONE',  ( -0.03433070866141730432, -0.03997400000000000259, -0.03034042622731942043 ) ) ;
#1129 = LINE ( 'NONE', #824, #693 ) ;
#1130 = COLOUR_RGB ( '',0.8431372549019607865, 0.8156862745098039102, 0.7529411764705882248 ) ;
#1131 =( LENGTH_UNIT ( ) NAMED_UNIT ( * ) SI_UNIT ( $, .METRE. ) );
#1132 = DIRECTION ( 'NONE',  ( -0.9986295348225961988, -0.05233595494500158096, 0.000000000000000000 ) ) ;
#1133 = ADVANCED_FACE ( 'NONE', ( #551 ), #456, .F. ) ;
#1134 = VECTOR ( 'NONE', #30, 39.37007874015748143 ) ;
#1135 = PRESENTATION_LAYER_ASSIGNMENT (  '', '', ( #930 ) ) ;
#1136 = DIRECTION ( 'NONE',  ( 0.000000000000000000, -1.000000000000000000, -3.964900978234028385E-16 ) ) ;
#1137 = CARTESIAN_POINT ( 'NONE',  ( 0.02078740157480315695, -0.03937007874015747977, 0.02953149606299215052 ) ) ;
#1138 = DIRECTION ( 'NONE',  ( -0.000000000000000000, -0.000000000000000000, 1.000000000000000000 ) ) ;
#1139 = DIRECTION ( 'NONE',  ( -0.05233595494500158096, 0.9986295348225961988, 0.000000000000000000 ) ) ;
#1140 = CARTESIAN_POINT ( 'NONE',  ( 0.02000000000000000389, -0.06300000000000001432, 0.02953149606299212623 ) ) ;
#1141 = VECTOR ( 'NONE', #980, 39.37007874015748143 ) ;
#1142 = ORIENTED_EDGE ( 'NONE', *, *, #612, .F. ) ;
#1143 = LINE ( 'NONE', #512, #755 ) ;
#1144 = STYLED_ITEM ( 'NONE', ( #806 ), #295 ) ;
#1145 = LINE ( 'NONE', #1140, #298 ) ;
#1146 = LENGTH_MEASURE_WITH_UNIT ( LENGTH_MEASURE( 0.02539999999999999897 ), #5 );
#1147 = ADVANCED_FACE ( 'NONE', ( #377 ), #1092, .F. ) ;
#1148 = ORIENTED_EDGE ( 'NONE', *, *, #637, .T. ) ;
#1149 = DIRECTION ( 'NONE',  ( -1.000000000000000000, -0.000000000000000000, 0.000000000000000000 ) ) ;
#1150 = AXIS2_PLACEMENT_3D ( 'NONE', #146, #258, #467 ) ;
#1151 =( CONVERSION_BASED_UNIT ( 'INCH', #738 ) LENGTH_UNIT ( ) NAMED_UNIT ( #251 ) );
#1152 =( NAMED_UNIT ( * ) SI_UNIT ( $, .STERADIAN. ) SOLID_ANGLE_UNIT ( ) );
#1153 = DIRECTION ( 'NONE',  ( 0.000000000000000000, 0.000000000000000000, -1.000000000000000000 ) ) ;
#1154 = ORIENTED_EDGE ( 'NONE', *, *, #304, .F. ) ;
#1155 = FACE_OUTER_BOUND ( 'NONE', #1254, .T. ) ;
#1156 = ORIENTED_EDGE ( 'NONE', *, *, #1026, .F. ) ;
#1157 = CARTESIAN_POINT ( 'NONE',  ( -0.01220472440944952129, 0.03949999999999993794, -0.03150000000001339229 ) ) ;
#1158 = MECHANICAL_DESIGN_GEOMETRIC_PRESENTATION_REPRESENTATION (  '', ( #420 ), #979 ) ;
#1159 = VERTEX_POINT ( 'NONE', #905 ) ;
#1160 = CARTESIAN_POINT ( 'NONE',  ( 0.000000000000000000, 0.06300000000000001432, -0.008000000000250005044 ) ) ;
#1161 = EDGE_CURVE ( 'NONE', #638, #134, #596, .T. ) ;
#1162 = ADVANCED_FACE ( 'NONE', ( #280 ), #1006, .F. ) ;
#1163 = EDGE_LOOP ( 'NONE', ( #554, #854, #1156, #545 ) ) ;
#1164 = PLANE ( 'NONE',  #841 ) ;
#1165 = CARTESIAN_POINT ( 'NONE',  ( 0.02000000000000000389, 0.06300000000000001432, 0.02953149606299209154 ) ) ;
#1166 = ORIENTED_EDGE ( 'NONE', *, *, #701, .F. ) ;
#1167 = SURFACE_SIDE_STYLE ('',( #542 ) ) ;
#1168 = ADVANCED_FACE ( 'NONE', ( #1328 ), #80, .T. ) ;
#1169 = AXIS2_PLACEMENT_3D ( 'NONE', #1106, #977, #1098 ) ;
#1170 = LENGTH_MEASURE_WITH_UNIT ( LENGTH_MEASURE( 0.02539999999999999897 ), #129 );
#1171 = VECTOR ( 'NONE', #339, 39.37007874015748143 ) ;
#1172 = LENGTH_MEASURE_WITH_UNIT ( LENGTH_MEASURE( 0.02539999999999999897 ), #1267 );
#1173 =( BOUNDED_CURVE ( )  B_SPLINE_CURVE ( 3, ( #595, #424, #301, #700 ),
 .UNSPECIFIED., .F., .F. ) 
 B_SPLINE_CURVE_WITH_KNOTS ( ( 4, 4 ),
 ( 1.065936795532108479E-15, 0.0006351656924664521612 ),
 .UNSPECIFIED. ) 
 CURVE ( )  GEOMETRIC_REPRESENTATION_ITEM ( )  RATIONAL_B_SPLINE_CURVE ( ( 1.000000000000000000, 0.3333333334700690487, 0.3333333334700690487, 1.000000000000000000 ) ) 
 REPRESENTATION_ITEM ( '' )  );
#1174 = PLANE ( 'NONE',  #181 ) ;
#1175 = DIRECTION ( 'NONE',  ( -0.000000000000000000, -3.964900978234027399E-16, 1.000000000000000000 ) ) ;
#1176 = ADVANCED_FACE ( 'NONE', ( #911 ), #11, .F. ) ;
#1177 = UNCERTAINTY_MEASURE_WITH_UNIT (LENGTH_MEASURE( 1.000000000000000082E-05 ), #352, 'distance_accuracy_value', 'NONE');
#1178 = CLOSED_SHELL ( 'NONE', ( #452, #803, #954, #648, #436, #786, #534, #1085 ) ) ;
#1179 = APPLICATION_CONTEXT ( 'automotive_design' ) ;
#1180 = ORIENTED_EDGE ( 'NONE', *, *, #889, .T. ) ;
#1181 = CARTESIAN_POINT ( 'NONE',  ( 0.01999999999999999001, -0.05500000000000001416, 0.000000000000000000 ) ) ;
#1182 = SURFACE_STYLE_FILL_AREA ( #765 ) ;
#1183 = ORIENTED_EDGE ( 'NONE', *, *, #1073, .T. ) ;
#1184 = EDGE_CURVE ( 'NONE', #58, #767, #101, .T. ) ;
#1185 = DIRECTION ( 'NONE',  ( 0.000000000000000000, -1.000000000000000000, 7.225605947920713940E-16 ) ) ;
#1186 = PRODUCT_DEFINITION_FORMATION_WITH_SPECIFIED_SOURCE ( 'ANY', '', #714, .NOT_KNOWN. ) ;
#1187 = ORIENTED_EDGE ( 'NONE', *, *, #540, .F. ) ;
#1188 = CARTESIAN_POINT ( 'NONE',  ( 0.02000000000000000389, -0.06300000000000002820, -0.008000000000000001901 ) ) ;
#1189 = ORIENTED_EDGE ( 'NONE', *, *, #1026, .T. ) ;
#1190 = EDGE_LOOP ( 'NONE', ( #1040, #1205, #172, #334 ) ) ;
#1191 = DIMENSIONAL_EXPONENTS ( 1.000000000000000000, 0.000000000000000000, 0.000000000000000000, 0.000000000000000000, 0.000000000000000000, 0.000000000000000000, 0.000000000000000000 ) ;
#1192 = STYLED_ITEM ( 'NONE', ( #1061 ), #1031 ) ;
#1193 = SURFACE_STYLE_USAGE ( .BOTH. , #784 ) ;
#1194 = ORIENTED_EDGE ( 'NONE', *, *, #191, .F. ) ;
#1195 = DIRECTION ( 'NONE',  ( -1.000000000000000000, -0.000000000000000000, -0.000000000000000000 ) ) ;
#1196 =( NAMED_UNIT ( * ) SI_UNIT ( $, .STERADIAN. ) SOLID_ANGLE_UNIT ( ) );
#1197 = ORIENTED_EDGE ( 'NONE', *, *, #597, .T. ) ;
#1198 = CARTESIAN_POINT ( 'NONE',  ( 0.02000000000000000389, -0.06300000000012426216, -1.249985861960391921E-13 ) ) ;
#1199 = FACE_OUTER_BOUND ( 'NONE', #779, .T. ) ;
#1200 =( LENGTH_UNIT ( ) NAMED_UNIT ( * ) SI_UNIT ( $, .METRE. ) );
#1201 = PRESENTATION_STYLE_ASSIGNMENT (( #43 ) ) ;
#1202 = CLOSED_SHELL ( 'NONE', ( #264, #1302, #552, #732, #812, #1168, #828, #235, #675, #388 ) ) ;
#1203 = FILL_AREA_STYLE_COLOUR ( '', #490 ) ;
#1204 = EDGE_CURVE ( 'NONE', #1087, #1274, #428, .T. ) ;
#1205 = ORIENTED_EDGE ( 'NONE', *, *, #199, .F. ) ;
#1206 = EDGE_CURVE ( 'NONE', #973, #1068, #1343, .T. ) ;
#1207 = LINE ( 'NONE', #276, #658 ) ;
#1208 = SURFACE_STYLE_FILL_AREA ( #133 ) ;
#1209 = PLANE ( 'NONE',  #1269 ) ;
#1210 = UNCERTAINTY_MEASURE_WITH_UNIT (LENGTH_MEASURE( 1.000000000000000082E-05 ), #220, 'distance_accuracy_value', 'NONE');
#1211 =( LENGTH_UNIT ( ) NAMED_UNIT ( * ) SI_UNIT ( $, .METRE. ) );
#1212 = ORIENTED_EDGE ( 'NONE', *, *, #1237, .F. ) ;
#1213 = DIRECTION ( 'NONE',  ( 1.000000000000000000, 0.000000000000000000, 0.000000000000000000 ) ) ;
#1214 = EDGE_CURVE ( 'NONE', #620, #850, #1044, .T. ) ;
#1215 = PLANE ( 'NONE',  #1218 ) ;
#1216 = CARTESIAN_POINT ( 'NONE',  ( 0.000000000000000000, 0.04013962248715442077, -0.008000000000250005044 ) ) ;
#1217 = LINE ( 'NONE', #985, #598 ) ;
#1218 = AXIS2_PLACEMENT_3D ( 'NONE', #753, #315, #1342 ) ;
#1219 = SURFACE_SIDE_STYLE ('',( #500 ) ) ;
#1220 = DIRECTION ( 'NONE',  ( 0.000000000000000000, -3.964900978187985532E-16, -1.000000000000000000 ) ) ;
#1221 = CARTESIAN_POINT ( 'NONE',  ( 0.02000000000000000389, 0.06300000000000001432, 0.02953149606299209154 ) ) ;
#1222 =( BOUNDED_CURVE ( )  B_SPLINE_CURVE ( 3, ( #624, #535, #361, #748 ),
 .UNSPECIFIED., .F., .T. ) 
 B_SPLINE_CURVE_WITH_KNOTS ( ( 4, 4 ),
 ( 0.000000000000000000, 0.0006351656924667820839 ),
 .UNSPECIFIED. ) 
 CURVE ( )  GEOMETRIC_REPRESENTATION_ITEM ( )  RATIONAL_B_SPLINE_CURVE ( ( 1.000000000000000000, 0.3333333334700690487, 0.3333333334700690487, 1.000000000000000000 ) ) 
 REPRESENTATION_ITEM ( '' )  );
#1223 = CARTESIAN_POINT ( 'NONE',  ( 0.01000000000000000194, -0.06300000000000002820, 0.008000000000000001901 ) ) ;
#1224 = EDGE_CURVE ( 'NONE', #58, #444, #1251, .T. ) ;
#1225 = CARTESIAN_POINT ( 'NONE',  ( 0.000000000000000000, -0.06300000000000002820, 0.03149999999218799918 ) ) ;
#1226 = AXIS2_PLACEMENT_3D ( 'NONE', #919, #84, #196 ) ;
#1227 = PRESENTATION_STYLE_ASSIGNMENT (( #808 ) ) ;
#1228 = DIRECTION ( 'NONE',  ( 0.000000000000000000, -1.000000000000000000, 1.982450489093990104E-15 ) ) ;
#1229 = EDGE_CURVE ( 'NONE', #1159, #1279, #928, .T. ) ;
#1230 = DIRECTION ( 'NONE',  ( 0.000000000000000000, 1.000000000000000000, 0.000000000000000000 ) ) ;
#1231 = SURFACE_STYLE_FILL_AREA ( #810 ) ;
#1232 = MECHANICAL_DESIGN_GEOMETRIC_PRESENTATION_REPRESENTATION (  '', ( #801 ), #860 ) ;
#1233 = VECTOR ( 'NONE', #660, 39.37007874015748143 ) ;
#1234 = LINE ( 'NONE', #616, #55 ) ;
#1235 = LINE ( 'NONE', #823, #1028 ) ;
#1236 = LINE ( 'NONE', #427, #86 ) ;
#1237 = EDGE_CURVE ( 'NONE', #137, #243, #213, .T. ) ;
#1238 = LINE ( 'NONE', #109, #709 ) ;
#1239 = LINE ( 'NONE', #1338, #1009 ) ;
#1240 = CARTESIAN_POINT ( 'NONE',  ( 0.02000000000000000389, 0.06300000000000002820, 0.03150000000000001410 ) ) ;
#1241 = ORIENTED_EDGE ( 'NONE', *, *, #939, .F. ) ;
#1242 = DIRECTION ( 'NONE',  ( 0.000000000000000000, 0.000000000000000000, 1.000000000000000000 ) ) ;
#1243 = COLOUR_RGB ( '',0.6470588235294117974, 0.5176470588235293491, 0.000000000000000000 ) ;
#1244 = CARTESIAN_POINT ( 'NONE',  ( 0.000000000000000000, -0.06299999999999839062, 0.03150000000000001410 ) ) ;
#1245 = SURFACE_STYLE_USAGE ( .BOTH. , #476 ) ;
#1246 = ORIENTED_EDGE ( 'NONE', *, *, #1323, .F. ) ;
#1247 = CARTESIAN_POINT ( 'NONE',  ( 0.02000000000000000389, -0.06300000000000001432, 0.03150000000000001410 ) ) ;
#1248 = VECTOR ( 'NONE', #614, 39.37007874015748143 ) ;
#1249 = FACE_OUTER_BOUND ( 'NONE', #1283, .T. ) ;
#1250 = VECTOR ( 'NONE', #335, 39.37007874015748143 ) ;
#1251 = LINE ( 'NONE', #422, #252 ) ;
#1252 = FILL_AREA_STYLE_COLOUR ( '', #1334 ) ;
#1253 = PRODUCT_DEFINITION ( 'UNKNOWN', '', #1186, #273 ) ;
#1254 = EDGE_LOOP ( 'NONE', ( #833, #641, #320, #871 ) ) ;
#1255 = LINE ( 'NONE', #957, #1171 ) ;
#1256 = DIRECTION ( 'NONE',  ( 0.000000000000000000, -8.672461051743795297E-16, -1.000000000000000000 ) ) ;
#1257 = VERTEX_POINT ( 'NONE', #1157 ) ;
#1258 = FACE_OUTER_BOUND ( 'NONE', #1265, .T. ) ;
#1259 = PRESENTATION_LAYER_ASSIGNMENT (  '', '', ( #1094 ) ) ;
#1260 = ORIENTED_EDGE ( 'NONE', *, *, #336, .F. ) ;
#1261 = EDGE_CURVE ( 'NONE', #1050, #2, #1145, .T. ) ;
#1262 = ORIENTED_EDGE ( 'NONE', *, *, #408, .F. ) ;
#1263 = CARTESIAN_POINT ( 'NONE',  ( 0.02078740157480315695, 0.06300000000000001432, 0.02953149606299209154 ) ) ;
#1264 = ORIENTED_EDGE ( 'NONE', *, *, #1323, .T. ) ;
#1265 = EDGE_LOOP ( 'NONE', ( #166, #986, #1090, #151 ) ) ;
#1266 = VECTOR ( 'NONE', #529, 39.37007874015748143 ) ;
#1267 =( LENGTH_UNIT ( ) NAMED_UNIT ( * ) SI_UNIT ( $, .METRE. ) );
#1268 = ORIENTED_EDGE ( 'NONE', *, *, #364, .F. ) ;
#1269 = AXIS2_PLACEMENT_3D ( 'NONE', #471, #376, #1011 ) ;
#1270 = PLANE ( 'NONE',  #1150 ) ;
#1271 = COLOUR_RGB ( '',0.6470588235294117974, 0.5176470588235293491, 0.000000000000000000 ) ;
#1272 = ORIENTED_EDGE ( 'NONE', *, *, #921, .F. ) ;
#1273 = PRESENTATION_LAYER_ASSIGNMENT (  '', '', ( #1112 ) ) ;
#1274 = VERTEX_POINT ( 'NONE', #94 ) ;
#1275 = SURFACE_STYLE_FILL_AREA ( #863 ) ;
#1276 = DIRECTION ( 'NONE',  ( 0.9986295348225961988, 0.05233595494500158096, 0.000000000000000000 ) ) ;
#1277 = LENGTH_MEASURE_WITH_UNIT ( LENGTH_MEASURE( 0.02539999999999999897 ), #793 );
#1278 = EDGE_LOOP ( 'NONE', ( #350, #548, #653, #105 ) ) ;
#1279 = VERTEX_POINT ( 'NONE', #316 ) ;
#1280 = CARTESIAN_POINT ( 'NONE',  ( 0.02078740157480315695, 0.06300000000000001432, 0.02953149606299209154 ) ) ;
#1281 = EDGE_CURVE ( 'NONE', #563, #845, #136, .T. ) ;
#1282 = ORIENTED_EDGE ( 'NONE', *, *, #579, .T. ) ;
#1283 = EDGE_LOOP ( 'NONE', ( #1180, #250, #39, #17 ) ) ;
#1284 = LINE ( 'NONE', #547, #1134 ) ;
#1285 = LINE ( 'NONE', #1086, #331 ) ;
#1286 = ORIENTED_EDGE ( 'NONE', *, *, #135, .T. ) ;
#1287 = DIRECTION ( 'NONE',  ( 1.000000000000000000, 0.000000000000000000, 0.000000000000000000 ) ) ;
#1288 = DIRECTION ( 'NONE',  ( 0.9986295348225961988, -0.05233595494500158096, 0.000000000000000000 ) ) ;
#1289 =( LENGTH_UNIT ( ) NAMED_UNIT ( * ) SI_UNIT ( $, .METRE. ) );
#1290 =( GEOMETRIC_REPRESENTATION_CONTEXT ( 3 ) GLOBAL_UNCERTAINTY_ASSIGNED_CONTEXT ( ( #668 ) ) GLOBAL_UNIT_ASSIGNED_CONTEXT ( ( #56, #173, #244 ) ) REPRESENTATION_CONTEXT ( 'NONE', 'WORKASPACE' ) );
#1291 = CARTESIAN_POINT ( 'NONE',  ( 0.000000000000000000, 0.06300000000000002820, -0.03150000000000000716 ) ) ;
#1292 = ORIENTED_EDGE ( 'NONE', *, *, #889, .F. ) ;
#1293 = ORIENTED_EDGE ( 'NONE', *, *, #51, .F. ) ;
#1294 =( CONVERSION_BASED_UNIT ( 'INCH', #773 ) LENGTH_UNIT ( ) NAMED_UNIT ( #370 ) );
#1295 = DIRECTION ( 'NONE',  ( -0.9972646885294069730, -0.05226442638349167863, 0.05226443099422020677 ) ) ;
#1296 = CIRCLE ( 'NONE', #707, 0.008000000000125004340 ) ;
#1297 = PRESENTATION_LAYER_ASSIGNMENT (  '', '', ( #1108 ) ) ;
#1298 =( GEOMETRIC_REPRESENTATION_CONTEXT ( 3 ) GLOBAL_UNCERTAINTY_ASSIGNED_CONTEXT ( ( #28 ) ) GLOBAL_UNIT_ASSIGNED_CONTEXT ( ( #238, #25, #37 ) ) REPRESENTATION_CONTEXT ( 'NONE', 'WORKASPACE' ) );
#1299 = DIRECTION ( 'NONE',  ( 0.000000000000000000, 1.000000000000000000, 0.000000000000000000 ) ) ;
#1300 = UNCERTAINTY_MEASURE_WITH_UNIT (LENGTH_MEASURE( 1.000000000000000082E-05 ), #813, 'distance_accuracy_value', 'NONE');
#1301 = EDGE_CURVE ( 'NONE', #638, #2, #1234, .T. ) ;
#1302 = ADVANCED_FACE ( 'NONE', ( #610 ), #62, .T. ) ;
#1303 = DIRECTION ( 'NONE',  ( 0.000000000000000000, 8.672461051743797269E-16, 1.000000000000000000 ) ) ;
#1304 = PRODUCT_CONTEXT ( 'NONE', #1179, 'mechanical' ) ;
#1305 = CARTESIAN_POINT ( 'NONE',  ( -0.03433070866141731126, -0.03834042632973945486, -0.03187800000000001049 ) ) ;
#1306 = CARTESIAN_POINT ( 'NONE',  ( 0.02078740157480315695, -0.06300000000012426216, -1.249985861960391921E-13 ) ) ;
#1307 = ORIENTED_EDGE ( 'NONE', *, *, #81, .F. ) ;
#1308 =( CONVERSION_BASED_UNIT ( 'INCH', #999 ) LENGTH_UNIT ( ) NAMED_UNIT ( #1088 ) );
#1309 = LINE ( 'NONE', #157, #567 ) ;
#1310 = LINE ( 'NONE', #170, #232 ) ;
#1311 = EDGE_CURVE ( 'NONE', #1257, #676, #822, .T. ) ;
#1312 = ORIENTED_EDGE ( 'NONE', *, *, #587, .F. ) ;
#1313 = VECTOR ( 'NONE', #1195, 39.37007874015748143 ) ;
#1314 = CARTESIAN_POINT ( 'NONE',  ( 0.02000000000000000389, -0.06300000000000001432, 0.02953149606299212623 ) ) ;
#1315 = CARTESIAN_POINT ( 'NONE',  ( -0.08000000000000000167, -0.04703078257806757312, -0.03150000000000001410 ) ) ;
#1316 = FACE_OUTER_BOUND ( 'NONE', #1093, .T. ) ;
#1317 = LINE ( 'NONE', #1225, #926 ) ;
#1318 = UNCERTAINTY_MEASURE_WITH_UNIT (LENGTH_MEASURE( 1.000000000000000082E-05 ), #270, 'distance_accuracy_value', 'NONE');
#1319 = DIMENSIONAL_EXPONENTS ( 1.000000000000000000, 0.000000000000000000, 0.000000000000000000, 0.000000000000000000, 0.000000000000000000, 0.000000000000000000, 0.000000000000000000 ) ;
#1320 = ORIENTED_EDGE ( 'NONE', *, *, #578, .T. ) ;
#1321 = PRESENTATION_STYLE_ASSIGNMENT (( #1245 ) ) ;
#1322 = CARTESIAN_POINT ( 'NONE',  ( 0.000000000000000000, 0.06300000000000002820, 0.008000000000000001901 ) ) ;
#1323 = EDGE_CURVE ( 'NONE', #1274, #1050, #1037, .T. ) ;
#1324 =( NAMED_UNIT ( * ) PLANE_ANGLE_UNIT ( ) SI_UNIT ( $, .RADIAN. ) );
#1325 = LINE ( 'NONE', #898, #300 ) ;
#1326 = VECTOR ( 'NONE', #1230, 39.37007874015748143 ) ;
#1327 =( LENGTH_UNIT ( ) NAMED_UNIT ( * ) SI_UNIT ( $, .METRE. ) );
#1328 = FACE_OUTER_BOUND ( 'NONE', #268, .T. ) ;
#1329 = VECTOR ( 'NONE', #197, 39.37007874015748143 ) ;
#1330 = DIMENSIONAL_EXPONENTS ( 1.000000000000000000, 0.000000000000000000, 0.000000000000000000, 0.000000000000000000, 0.000000000000000000, 0.000000000000000000, 0.000000000000000000 ) ;
#1331 = DIRECTION ( 'NONE',  ( 0.000000000000000000, -1.000000000000000000, 0.000000000000000000 ) ) ;
#1332 = STYLED_ITEM ( 'NONE', ( #326 ), #50 ) ;
#1333 =( NAMED_UNIT ( * ) SI_UNIT ( $, .STERADIAN. ) SOLID_ANGLE_UNIT ( ) );
#1334 = COLOUR_RGB ( '',0.6470588235294117974, 0.5176470588235293491, 0.000000000000000000 ) ;
#1335 = FILL_AREA_STYLE_COLOUR ( '', #586 ) ;
#1336 = VECTOR ( 'NONE', #874, 39.37007874015748143 ) ;
#1337 = DIRECTION ( 'NONE',  ( 0.000000000000000000, 0.000000000000000000, -1.000000000000000000 ) ) ;
#1338 = CARTESIAN_POINT ( 'NONE',  ( 0.02000000000000000389, -0.06300000000000002820, -0.03150000000000001410 ) ) ;
#1339 = VECTOR ( 'NONE', #561, 39.37007874015748143 ) ;
#1340 = EDGE_CURVE ( 'NONE', #627, #1050, #221, .T. ) ;
#1341 = PRESENTATION_LAYER_ASSIGNMENT (  '', '', ( #927 ) ) ;
#1342 = DIRECTION ( 'NONE',  ( -1.000000000000000000, 0.000000000000000000, -0.000000000000000000 ) ) ;
#1343 = LINE ( 'NONE', #941, #29 ) ;
ENDSEC;
END-ISO-10303-21;
